method,hit_rate,kupiec,cc,dq,mf
egarch_t,0.01930400163653244,7,7,3,2
ewma,0.02517580484700345,1,3,5,1
garch_t,0.02014858175930734,7,4,6,0
gate,0.02919746092691379,3,2,11,3
gate_v2,0.025336660599607302,2,2,2,1
gjr_t,0.019545372687042897,6,6,4,0
har,0.02585926695236047,5,3,3,2
mean,0.021998554046658656,4,3,3,0
median,0.021153973923883757,5,5,4,0
min_score,0.025658240972407993,5,5,6,1
previous_best,0.02557776938530373,5,6,6,3
relative_score,0.024572333509924976,5,3,4,1
vix,0.030524783150709597,11,10,10,3
