asset,model,alpha,n,hit_rate,mean_fz0,fallback_blocks
hdfcbank,ewma,0.01,1665,0.013213213213213212,-2.803009479265941,0
hdfcbank,ewma,0.025,1665,0.03063063063063063,-3.109126221782889,0
hdfcbank,ewma,0.05,1665,0.055855855855855854,-3.361569251059179,0
hdfcbank,garch_t,0.01,1665,0.016216216216216217,-2.738629508970788,0
hdfcbank,garch_t,0.025,1665,0.03183183183183183,-3.0904924670702725,0
hdfcbank,garch_t,0.05,1665,0.05525525525525526,-3.3530334609008143,0
hdfcbank,egarch_t,0.01,1665,0.014414414414414415,-2.707673723247931,0
hdfcbank,egarch_t,0.025,1665,0.02882882882882883,-3.088488234231294,0
hdfcbank,egarch_t,0.05,1665,0.05345345345345345,-3.351285311761939,0
hdfcbank,gjr_t,0.01,1665,0.014414414414414415,-2.7679481376502983,0
hdfcbank,gjr_t,0.025,1665,0.02882882882882883,-3.109988134590707,0
hdfcbank,gjr_t,0.05,1665,0.05225225225225225,-3.3593299215277597,0
hdfcbank,har,0.01,1665,0.021021021021021023,-2.7828112369281315,0
hdfcbank,har,0.025,1665,0.03963963963963964,-3.117728117942292,0
hdfcbank,har,0.05,1665,0.07747747747747748,-3.3732766416591713,0
hdfcbank,vix,0.01,1665,0.024624624624624624,-2.8166589597798524,0
hdfcbank,vix,0.025,1665,0.04624624624624624,-3.08781958279109,0
hdfcbank,vix,0.05,1665,0.08228228228228228,-3.346309095105367,0
kotakbank,ewma,0.01,1665,0.013213213213213212,-2.7245954900367746,0
kotakbank,ewma,0.025,1665,0.025225225225225224,-3.0433727077234463,0
kotakbank,ewma,0.05,1665,0.055855855855855854,-3.2767043260677275,0
kotakbank,garch_t,0.01,1665,0.013813813813813814,-2.807914004508883,0
kotakbank,garch_t,0.025,1665,0.02762762762762763,-3.0829802010482616,0
kotakbank,garch_t,0.05,1665,0.05225225225225225,-3.307573039161737,0
kotakbank,egarch_t,0.01,1665,0.012612612612612612,-2.7574762893722484,0
kotakbank,egarch_t,0.025,1665,0.026426426426426425,-3.0633139890632335,0
kotakbank,egarch_t,0.05,1665,0.05165165165165165,-3.2981132995826474,0
kotakbank,gjr_t,0.01,1665,0.013813813813813814,-2.8071154896955006,0
kotakbank,gjr_t,0.025,1665,0.025825825825825825,-3.0763431744417655,0
kotakbank,gjr_t,0.05,1665,0.04924924924924925,-3.3047586447396804,0
kotakbank,har,0.01,1665,0.014414414414414415,-2.8265976120881935,0
kotakbank,har,0.025,1665,0.02942942942942943,-3.124696699645721,0
kotakbank,har,0.05,1665,0.06126126126126126,-3.3503610757439612,0
kotakbank,vix,0.01,1665,0.012012012012012012,-2.800509219204882,0
kotakbank,vix,0.025,1665,0.026426426426426425,-3.0998109880064515,0
kotakbank,vix,0.05,1665,0.05405405405405406,-3.3317892219829615,0
axisbank,ewma,0.01,1665,0.015015015015015015,-2.550856594003638,0
axisbank,ewma,0.025,1665,0.02822822822822823,-2.8843573598781402,0
axisbank,ewma,0.05,1665,0.05225225225225225,-3.1514877961417755,0
axisbank,garch_t,0.01,1665,0.012012012012012012,-2.641382212498518,0
axisbank,garch_t,0.025,1665,0.022822822822822823,-2.932846534020125,0
axisbank,garch_t,0.05,1665,0.04684684684684685,-3.1801721038090824,0
axisbank,egarch_t,0.01,1665,0.012012012012012012,-2.597950453256612,0
axisbank,egarch_t,0.025,1665,0.022222222222222223,-2.915880807802624,0
axisbank,egarch_t,0.05,1665,0.04984984984984985,-3.172024562737127,0
axisbank,gjr_t,0.01,1665,0.010810810810810811,-2.668675622239571,0
axisbank,gjr_t,0.025,1665,0.022222222222222223,-2.952412898886813,0
axisbank,gjr_t,0.05,1665,0.04504504504504504,-3.1900801544089266,0
axisbank,har,0.01,1665,0.013813813813813814,-2.7019624254446177,0
axisbank,har,0.025,1665,0.032432432432432434,-2.9874598964098906,0
axisbank,har,0.05,1665,0.054654654654654654,-3.22120877899227,0
axisbank,vix,0.01,1665,0.01021021021021021,-2.754642464453988,0
axisbank,vix,0.025,1665,0.01921921921921922,-3.017946582983905,0
axisbank,vix,0.05,1665,0.034834834834834835,-3.2273459740923265,0
tcs,ewma,0.01,1665,0.013813813813813814,-2.883301386720587,0
tcs,ewma,0.025,1665,0.025825825825825825,-3.1379265426897356,0
tcs,ewma,0.05,1665,0.04744744744744745,-3.371013558381427,0
tcs,garch_t,0.01,1665,0.012612612612612612,-2.899378503901719,0
tcs,garch_t,0.025,1665,0.02762762762762763,-3.1447358670544756,0
tcs,garch_t,0.05,1665,0.04804804804804805,-3.3687734110595686,0
tcs,egarch_t,0.01,1665,0.013813813813813814,-2.8914067218532877,0
tcs,egarch_t,0.025,1665,0.02942942942942943,-3.1349570305656047,0
tcs,egarch_t,0.05,1665,0.04684684684684685,-3.3610243710801324,0
tcs,gjr_t,0.01,1665,0.012012012012012012,-2.8952489951932114,0
tcs,gjr_t,0.025,1665,0.026426426426426425,-3.147865693570229,0
tcs,gjr_t,0.05,1665,0.04804804804804805,-3.3700972766967388,0
tcs,har,0.01,1665,0.015015015015015015,-2.921023364948276,0
tcs,har,0.025,1665,0.02822822822822823,-3.18230448835206,0
tcs,har,0.05,1665,0.05525525525525526,-3.3947957974010876,0
tcs,vix,0.01,1665,0.013813813813813814,-2.8409411758257246,0
tcs,vix,0.025,1665,0.03003003003003003,-3.0938533303015756,0
tcs,vix,0.05,1665,0.05405405405405406,-3.331306567241109,0
wipro,ewma,0.01,1665,0.007807807807807808,-2.725671785789095,0
wipro,ewma,0.025,1665,0.022222222222222223,-3.0022230872883404,0
wipro,ewma,0.05,1665,0.05045045045045045,-3.2163806735001716,0
wipro,garch_t,0.01,1665,0.010810810810810811,-2.7952650227875715,0
wipro,garch_t,0.025,1665,0.03003003003003003,-3.062769836907382,0
wipro,garch_t,0.05,1665,0.06486486486486487,-3.247946415616688,0
wipro,egarch_t,0.01,1665,0.010810810810810811,-2.777503561363375,0
wipro,egarch_t,0.025,1665,0.023423423423423424,-3.0678772573424706,0
wipro,egarch_t,0.05,1665,0.06606606606606606,-3.258175274213202,0
wipro,gjr_t,0.01,1665,0.01021021021021021,-2.789048929507032,0
wipro,gjr_t,0.025,1665,0.02822822822822823,-3.0677333821314363,0
wipro,gjr_t,0.05,1665,0.06426426426426426,-3.2517529962785345,0
wipro,har,0.01,1665,0.013213213213213212,-2.7922586825687437,0
wipro,har,0.025,1665,0.036036036036036036,-3.0635592649324814,0
wipro,har,0.05,1665,0.07087087087087086,-3.253855390057573,0
wipro,vix,0.01,1665,0.014414414414414415,-2.6996578090043326,0
wipro,vix,0.025,1665,0.03963963963963964,-2.98267204405685,0
wipro,vix,0.05,1665,0.061861861861861864,-3.197635950986429,0
hcltech,ewma,0.01,1665,0.008408408408408409,-2.6878823200224455,0
hcltech,ewma,0.025,1665,0.025225225225225224,-3.0107241106582756,0
hcltech,ewma,0.05,1665,0.04744744744744745,-3.247832824911065,0
hcltech,garch_t,0.01,1665,0.010810810810810811,-2.716907300003797,0
hcltech,garch_t,0.025,1665,0.024624624624624624,-3.0229547095750755,0
hcltech,garch_t,0.05,1665,0.04504504504504504,-3.2605360137050523,0
hcltech,egarch_t,0.01,1665,0.010810810810810811,-2.725137503900037,0
hcltech,egarch_t,0.025,1665,0.025825825825825825,-3.03460456142356,0
hcltech,egarch_t,0.05,1665,0.04564564564564565,-3.26493526264831,0
hcltech,gjr_t,0.01,1665,0.010810810810810811,-2.7126762128359845,0
hcltech,gjr_t,0.025,1665,0.024624624624624624,-3.0233568592061224,0
hcltech,gjr_t,0.05,1665,0.04504504504504504,-3.2598911316111114,0
hcltech,har,0.01,1665,0.014414414414414415,-2.7674473678473923,0
hcltech,har,0.025,1665,0.03123123123123123,-3.0464208490694307,0
hcltech,har,0.05,1665,0.058258258258258255,-3.2857530104621193,0
hcltech,vix,0.01,1665,0.014414414414414415,-2.718000405244833,0
hcltech,vix,0.025,1665,0.02882882882882883,-2.9984578250006306,0
hcltech,vix,0.05,1665,0.05285285285285285,-3.225168329328565,0
mm,ewma,0.01,1664,0.007211538461538462,-2.751960236725434,0
mm,ewma,0.025,1664,0.028846153846153848,-2.989142010192368,0
mm,ewma,0.05,1664,0.051682692307692304,-3.161229344468907,0
mm,garch_t,0.01,1664,0.0078125,-2.7637872573618236,0
mm,garch_t,0.025,1664,0.026442307692307692,-2.99359793433078,0
mm,garch_t,0.05,1664,0.05228365384615385,-3.1769200337562946,0
mm,egarch_t,0.01,1664,0.008413461538461538,-2.7799261495453105,0
mm,egarch_t,0.025,1664,0.025841346153846152,-3.017408203961821,0
mm,egarch_t,0.05,1664,0.05228365384615385,-3.1999974198437826,0
mm,gjr_t,0.01,1664,0.008413461538461538,-2.787043857796483,0
mm,gjr_t,0.025,1664,0.026442307692307692,-3.0162521274339182,0
mm,gjr_t,0.05,1664,0.05048076923076923,-3.197565106841437,0
mm,har,0.01,1664,0.01141826923076923,-2.869269373097446,0
mm,har,0.025,1664,0.029447115384615384,-3.0714276395492286,0
mm,har,0.05,1664,0.06009615384615385,-3.235426064761945,0
mm,vix,0.01,1664,0.010817307692307692,-2.7819944424120533,0
mm,vix,0.025,1664,0.03545673076923077,-3.005729269547689,0
mm,vix,0.05,1664,0.06310096153846154,-3.185543314633445,0
eichermot,ewma,0.01,1665,0.00960960960960961,-2.857873479583068,0
eichermot,ewma,0.025,1665,0.022822822822822823,-3.082925803679535,0
eichermot,ewma,0.05,1665,0.04924924924924925,-3.2740517555975455,0
eichermot,garch_t,0.01,1665,0.006006006006006006,-2.843557083899515,0
eichermot,garch_t,0.025,1665,0.017417417417417418,-3.0590203940496945,0
eichermot,garch_t,0.05,1665,0.03843843843843844,-3.2587135695864573,0
eichermot,egarch_t,0.01,1665,0.007207207207207207,-2.8418478742058615,0
eichermot,egarch_t,0.025,1665,0.018018018018018018,-3.060062799611528,0
eichermot,egarch_t,0.05,1665,0.04024024024024024,-3.2629099432992366,0
eichermot,gjr_t,0.01,1665,0.006006006006006006,-2.850948090883836,0
eichermot,gjr_t,0.025,1665,0.018018018018018018,-3.061236068752548,0
eichermot,gjr_t,0.05,1665,0.03843843843843844,-3.2625439097323756,0
eichermot,har,0.01,1665,0.008408408408408409,-2.9172718240592688,0
eichermot,har,0.025,1665,0.022822822822822823,-3.1113667026305625,0
eichermot,har,0.05,1665,0.04564564564564565,-3.2885206384290195,0
eichermot,vix,0.01,1665,0.004804804804804805,-2.8548766351143544,0
eichermot,vix,0.025,1665,0.014414414414414415,-3.0850319828534922,0
eichermot,vix,0.05,1665,0.03903903903903904,-3.287124700954424,0
heromotoco,ewma,0.01,1665,0.00960960960960961,-2.904798361238769,0
heromotoco,ewma,0.025,1665,0.022822822822822823,-3.1160241734406258,0
heromotoco,ewma,0.05,1665,0.05405405405405406,-3.28023538081265,0
heromotoco,garch_t,0.01,1665,0.009009009009009009,-2.9185881798094546,0
heromotoco,garch_t,0.025,1665,0.025825825825825825,-3.1320756375290464,0
heromotoco,garch_t,0.05,1665,0.05345345345345345,-3.294817782897783,0
heromotoco,egarch_t,0.01,1665,0.008408408408408409,-2.9018130125393387,0
heromotoco,egarch_t,0.025,1665,0.024024024024024024,-3.1227815823233374,0
heromotoco,egarch_t,0.05,1665,0.05405405405405406,-3.29261577384582,0
heromotoco,gjr_t,0.01,1665,0.008408408408408409,-2.919466074190102,0
heromotoco,gjr_t,0.025,1665,0.025225225225225224,-3.1355208117041404,0
heromotoco,gjr_t,0.05,1665,0.055855855855855854,-3.2998516781778555,0
heromotoco,har,0.01,1665,0.009009009009009009,-2.9862818098361283,0
heromotoco,har,0.025,1665,0.02882882882882883,-3.1677575040665116,0
heromotoco,har,0.05,1665,0.05165165165165165,-3.3234504227179418,0
heromotoco,vix,0.01,1665,0.010810810810810811,-2.9898257316983297,0
heromotoco,vix,0.025,1665,0.03123123123123123,-3.1419699623710335,0
heromotoco,vix,0.05,1665,0.054654654654654654,-3.3151996693803274,0
cipla,ewma,0.01,1665,0.010810810810810811,-2.8926419661850624,0
cipla,ewma,0.025,1665,0.026426426426426425,-3.157942309366047,0
cipla,ewma,0.05,1665,0.04564564564564565,-3.370901098250348,0
cipla,garch_t,0.01,1665,0.006006006006006006,-2.9573191780196373,0
cipla,garch_t,0.025,1665,0.018018018018018018,-3.2032356738549064,0
cipla,garch_t,0.05,1665,0.03963963963963964,-3.4077805356457236,0
cipla,egarch_t,0.01,1665,0.006606606606606606,-2.9622540026111803,0
cipla,egarch_t,0.025,1665,0.021021021021021023,-3.1973416244751096,0
cipla,egarch_t,0.05,1665,0.04144144144144144,-3.4009326148465036,0
cipla,gjr_t,0.01,1665,0.005405405405405406,-2.9657310755693693,0
cipla,gjr_t,0.025,1665,0.01981981981981982,-3.2017127953755775,0
cipla,gjr_t,0.05,1665,0.04024024024024024,-3.4048730896170314,0
cipla,har,0.01,1665,0.009009009009009009,-3.0284020696942213,0
cipla,har,0.025,1665,0.026426426426426425,-3.257372904360121,0
cipla,har,0.05,1665,0.04924924924924925,-3.4591611603884935,0
cipla,vix,0.01,1665,0.010810810810810811,-2.885495899300631,0
cipla,vix,0.025,1665,0.018018018018018018,-3.1582731613311075,0
cipla,vix,0.05,1665,0.03783783783783784,-3.379940645708613,0
lupin,ewma,0.01,1665,0.00960960960960961,-2.6768848059750856,0
lupin,ewma,0.025,1665,0.021021021021021023,-2.938068183497345,0
lupin,ewma,0.05,1665,0.04384384384384384,-3.18109710741879,0
lupin,garch_t,0.01,1665,0.01021021021021021,-2.773229517163457,0
lupin,garch_t,0.025,1665,0.023423423423423424,-2.994040302395634,0
lupin,garch_t,0.05,1665,0.04264264264264264,-3.2117506177615285,0
lupin,egarch_t,0.01,1665,0.012612612612612612,-2.7795932944784743,0
lupin,egarch_t,0.025,1665,0.024024024024024024,-2.9964126725168665,0
lupin,egarch_t,0.05,1665,0.04084084084084084,-3.2167968203352366,0
lupin,gjr_t,0.01,1665,0.010810810810810811,-2.777096082948743,0
lupin,gjr_t,0.025,1665,0.024024024024024024,-2.9963561732059665,0
lupin,gjr_t,0.05,1665,0.04264264264264264,-3.214801814168485,0
lupin,har,0.01,1665,0.009009009009009009,-2.8263463256998813,0
lupin,har,0.025,1665,0.02042042042042042,-3.0382072471077546,0
lupin,har,0.05,1665,0.04264264264264264,-3.2564269423907786,0
lupin,vix,0.01,1665,0.006606606606606606,-2.6883199811557543,0
lupin,vix,0.025,1665,0.02042042042042042,-2.96663284559782,0
lupin,vix,0.05,1665,0.04384384384384384,-3.18961385582068,0
auropharma,ewma,0.01,1665,0.01021021021021021,-2.6051546701699686,0
auropharma,ewma,0.025,1665,0.022822822822822823,-2.860014570926308,0
auropharma,ewma,0.05,1665,0.04384384384384384,-3.080465414592862,0
auropharma,garch_t,0.01,1665,0.01021021021021021,-2.57926111201284,0
auropharma,garch_t,0.025,1665,0.018018018018018018,-2.8488506784567917,0
auropharma,garch_t,0.05,1665,0.032432432432432434,-3.084127527100157,0
auropharma,egarch_t,0.01,1665,0.010810810810810811,-2.538575524958763,0
auropharma,egarch_t,0.025,1665,0.016816816816816817,-2.8406488349095005,0
auropharma,egarch_t,0.05,1665,0.03783783783783784,-3.087609804925933,0
auropharma,gjr_t,0.01,1665,0.01021021021021021,-2.5645912458597278,0
auropharma,gjr_t,0.025,1665,0.016816816816816817,-2.850287929100237,0
auropharma,gjr_t,0.05,1665,0.03783783783783784,-3.0911254330635844,0
auropharma,har,0.01,1665,0.011411411411411412,-2.551008787766632,0
auropharma,har,0.025,1665,0.01921921921921922,-2.851777845903626,0
auropharma,har,0.05,1665,0.037237237237237236,-3.1058279842147742,0
auropharma,vix,0.01,1665,0.008408408408408409,-2.4852057061966355,0
auropharma,vix,0.025,1665,0.017417417417417418,-2.80017219059183,0
auropharma,vix,0.05,1665,0.03783783783783784,-3.0580231784602923,0
jswsteel,ewma,0.01,1664,0.015625,-2.575871871311787,0
jswsteel,ewma,0.025,1664,0.029447115384615384,-2.8786344130602783,0
jswsteel,ewma,0.05,1664,0.05048076923076923,-3.1101440756959913,0
jswsteel,garch_t,0.01,1664,0.01141826923076923,-2.543759897076796,0
jswsteel,garch_t,0.025,1664,0.021634615384615384,-2.8639056603860413,0
jswsteel,garch_t,0.05,1664,0.04266826923076923,-3.104325422277396,0
jswsteel,egarch_t,0.01,1664,0.012620192307692308,-2.5709273433051854,0
jswsteel,egarch_t,0.025,1664,0.02283653846153846,-2.883443425051131,0
jswsteel,egarch_t,0.05,1664,0.04326923076923077,-3.1193460147917134,0
jswsteel,gjr_t,0.01,1664,0.01141826923076923,-2.596582029972322,0
jswsteel,gjr_t,0.025,1664,0.019831730769230768,-2.8969428963775745,0
jswsteel,gjr_t,0.05,1664,0.040865384615384616,-3.1231636393109716,0
jswsteel,har,0.01,1664,0.015024038461538462,-2.5179031502572355,0
jswsteel,har,0.025,1664,0.03365384615384615,-2.865291905959846,0
jswsteel,har,0.05,1664,0.048677884615384616,-3.118496040586789,0
jswsteel,vix,0.01,1664,0.0078125,-2.67597953162746,0
jswsteel,vix,0.025,1664,0.019831730769230768,-2.9340476691711115,0
jswsteel,vix,0.05,1664,0.036057692307692304,-3.146379724003781,0
vedl,ewma,0.01,1664,0.010817307692307692,-2.2112328783790525,0
vedl,ewma,0.025,1664,0.024639423076923076,-2.536459614722735,0
vedl,ewma,0.05,1664,0.055288461538461536,-2.7920113048992565,0
vedl,garch_t,0.01,1664,0.013822115384615384,-2.1576775740518186,0
vedl,garch_t,0.025,1664,0.022235576923076924,-2.5200953239504216,0
vedl,garch_t,0.05,1664,0.0390625,-2.7977049516298718,0
vedl,egarch_t,0.01,1664,0.026442307692307692,723.2522058650776,3
vedl,egarch_t,0.025,1664,0.031850961538461536,452.529116726709,3
vedl,egarch_t,0.05,1664,0.05108173076923077,319.47308321974236,3
vedl,gjr_t,0.01,1664,0.015024038461538462,-2.1485743025252573,0
vedl,gjr_t,0.025,1664,0.021634615384615384,-2.5158182712818618,0
vedl,gjr_t,0.05,1664,0.039663461538461536,-2.7945437717370845,0
vedl,har,0.01,1664,0.010817307692307692,-2.288217823477271,0
vedl,har,0.025,1664,0.022235576923076924,-2.6044672768477755,0
vedl,har,0.05,1664,0.046875,-2.856035776409718,0
vedl,vix,0.01,1664,0.010216346153846154,-2.219038145501831,0
vedl,vix,0.025,1664,0.018629807692307692,-2.5250826560238617,0
vedl,vix,0.05,1664,0.037259615384615384,-2.7936162720036424,0
sail,ewma,0.01,1665,0.008408408408408409,-2.3934978055559544,0
sail,ewma,0.025,1665,0.024624624624624624,-2.606770604954738,0
sail,ewma,0.05,1665,0.04804804804804805,-2.8042415600038475,0
sail,garch_t,0.01,1665,0.012012012012012012,-2.3604216619257925,0
sail,garch_t,0.025,1665,0.024024024024024024,-2.608063288744654,0
sail,garch_t,0.05,1665,0.04624624624624624,-2.8093251429731736,0
sail,egarch_t,0.01,1665,0.010810810810810811,-2.3869296105529685,0
sail,egarch_t,0.025,1665,0.025225225225225224,-2.6265226649814593,0
sail,egarch_t,0.05,1665,0.04984984984984985,-2.8266439384740685,0
sail,gjr_t,0.01,1665,0.011411411411411412,-2.3683248812351825,0
sail,gjr_t,0.025,1665,0.025225225225225224,-2.611991550035644,0
sail,gjr_t,0.05,1665,0.04804804804804805,-2.8129262385783274,0
sail,har,0.01,1665,0.01021021021021021,-2.3948593819579296,0
sail,har,0.025,1665,0.024624624624624624,-2.6494075119781546,0
sail,har,0.05,1665,0.04684684684684685,-2.851921381174108,0
sail,vix,0.01,1665,0.007807807807807808,-2.4179928700960898,0
sail,vix,0.025,1665,0.02042042042042042,-2.6320724025705604,0
sail,vix,0.05,1665,0.04684684684684685,-2.830599749927899,0
britannia,ewma,0.01,1664,0.013822115384615384,-2.957170803564594,0
britannia,ewma,0.025,1664,0.025841346153846152,-3.254360439286228,0
britannia,ewma,0.05,1664,0.0546875,-3.479680533293431,0
britannia,garch_t,0.01,1664,0.009014423076923076,-3.0244217254412686,0
britannia,garch_t,0.025,1664,0.019230769230769232,-3.294857412989169,0
britannia,garch_t,0.05,1664,0.039663461538461536,-3.512825038489738,0
britannia,egarch_t,0.01,1664,0.009615384615384616,-3.0376218380831213,0
britannia,egarch_t,0.025,1664,0.018629807692307692,-3.3017337187022524,0
britannia,egarch_t,0.05,1664,0.03786057692307692,-3.514892801952337,0
britannia,gjr_t,0.01,1664,0.008413461538461538,-3.0481757967874747,0
britannia,gjr_t,0.025,1664,0.018028846153846152,-3.3102878662181894,0
britannia,gjr_t,0.05,1664,0.0390625,-3.5181765249759502,0
britannia,har,0.01,1664,0.01141826923076923,-3.084513435334842,0
britannia,har,0.025,1664,0.0234375,-3.3590251705250056,0
britannia,har,0.05,1664,0.04927884615384615,-3.5647252612909037,0
britannia,vix,0.01,1664,0.009014423076923076,-3.038383440455448,0
britannia,vix,0.025,1664,0.021634615384615384,-3.277626855498707,0
britannia,vix,0.05,1664,0.04567307692307692,-3.496517872341975,0
dabur,ewma,0.01,1665,0.018618618618618618,-2.8700055825997484,0
dabur,ewma,0.025,1665,0.02942942942942943,-3.1430109524475984,0
dabur,ewma,0.05,1665,0.055855855855855854,-3.3803748726133436,0
dabur,garch_t,0.01,1665,0.014414414414414415,-2.9394102210566118,0
dabur,garch_t,0.025,1665,0.02702702702702703,-3.185863525076264,0
dabur,garch_t,0.05,1665,0.04804804804804805,-3.406957687112935,0
dabur,egarch_t,0.01,1665,0.013813813813813814,-2.9446473009354164,0
dabur,egarch_t,0.025,1665,0.02822822822822823,-3.1874416021948613,0
dabur,egarch_t,0.05,1665,0.04264264264264264,-3.4128256508560084,0
dabur,gjr_t,0.01,1665,0.014414414414414415,-2.950616311316062,0
dabur,gjr_t,0.025,1665,0.02702702702702703,-3.1892916320862157,0
dabur,gjr_t,0.05,1665,0.04384384384384384,-3.409333182868885,0
dabur,har,0.01,1665,0.018618618618618618,-3.008084139727254,0
dabur,har,0.025,1665,0.032432432432432434,-3.228916291975622,0
dabur,har,0.05,1665,0.057057057057057055,-3.456845816702032,0
dabur,vix,0.01,1665,0.018018018018018018,-2.888982503315093,0
dabur,vix,0.025,1665,0.024624624624624624,-3.1669083988188955,0
dabur,vix,0.05,1665,0.04504504504504504,-3.4055251284580854,0
marico,ewma,0.01,1665,0.00960960960960961,-3.0036790908684314,0
marico,ewma,0.025,1665,0.025825825825825825,-3.2695920853539926,0
marico,ewma,0.05,1665,0.04684684684684685,-3.4749740022950872,0
marico,garch_t,0.01,1665,0.006606606606606606,-3.0533063782936343,0
marico,garch_t,0.025,1665,0.017417417417417418,-3.274203475941436,0
marico,garch_t,0.05,1665,0.03783783783783784,-3.469569466278289,0
marico,egarch_t,0.01,1665,0.008408408408408409,-3.0189657171605715,0
marico,egarch_t,0.025,1665,0.018618618618618618,-3.2573012194588267,0
marico,egarch_t,0.05,1665,0.03843843843843844,-3.4617701376330325,0
marico,gjr_t,0.01,1665,0.006606606606606606,-3.0529859253322713,0
marico,gjr_t,0.025,1665,0.017417417417417418,-3.274666274420624,0
marico,gjr_t,0.05,1665,0.03783783783783784,-3.470240274663084,0
marico,har,0.01,1665,0.00960960960960961,-3.0792245983628557,0
marico,har,0.025,1665,0.024024024024024024,-3.31563615669976,0
marico,har,0.05,1665,0.04684684684684685,-3.5133591758849336,0
marico,vix,0.01,1665,0.006606606606606606,-3.0117591680701126,0
marico,vix,0.025,1665,0.021621621621621623,-3.2608807910250954,0
marico,vix,0.05,1665,0.04384384384384384,-3.458225249446794,0
ntpc,ewma,0.01,1665,0.006006006006006006,-2.996017469264547,0
ntpc,ewma,0.025,1665,0.022822822822822823,-3.2192902496119307,0
ntpc,ewma,0.05,1665,0.04504504504504504,-3.4045205327714063,0
ntpc,garch_t,0.01,1665,0.006606606606606606,-2.9590217507623358,0
ntpc,garch_t,0.025,1665,0.01921921921921922,-3.205361561984003,0
ntpc,garch_t,0.05,1665,0.04144144144144144,-3.3986168052260672,0
ntpc,egarch_t,0.01,1665,0.007807807807807808,-2.917499544482301,0
ntpc,egarch_t,0.025,1665,0.016816816816816817,-3.1834645068262475,0
ntpc,egarch_t,0.05,1665,0.04084084084084084,-3.388646102327801,0
ntpc,gjr_t,0.01,1665,0.005405405405405406,-2.9621133628818503,0
ntpc,gjr_t,0.025,1665,0.01921921921921922,-3.205104501679105,0
ntpc,gjr_t,0.05,1665,0.04144144144144144,-3.3998924213079884,0
ntpc,har,0.01,1665,0.006606606606606606,-2.99307030909366,0
ntpc,har,0.025,1665,0.024024024024024024,-3.249101927553381,0
ntpc,har,0.05,1665,0.05045045045045045,-3.440640842700278,0
ntpc,vix,0.01,1665,0.007807807807807808,-2.955800049458546,0
ntpc,vix,0.025,1665,0.02702702702702703,-3.210616002052886,0
ntpc,vix,0.05,1665,0.05405405405405406,-3.403385350853305,0
powergrid,ewma,0.01,1665,0.010810810810810811,-2.886975758836592,0
powergrid,ewma,0.025,1665,0.025225225225225224,-3.1350693920555974,0
powergrid,ewma,0.05,1665,0.04984984984984985,-3.3195884675054623,0
powergrid,garch_t,0.01,1665,0.010810810810810811,-2.931544397187443,0
powergrid,garch_t,0.025,1665,0.03063063063063063,-3.1626807507713344,0
powergrid,garch_t,0.05,1665,0.04804804804804805,-3.344148019529829,0
powergrid,egarch_t,0.01,1665,0.010810810810810811,-2.905135139885419,0
powergrid,egarch_t,0.025,1665,0.02702702702702703,-3.155009964495773,0
powergrid,egarch_t,0.05,1665,0.04924924924924925,-3.3432136226864095,0
powergrid,gjr_t,0.01,1665,0.01021021021021021,-2.9530859172941786,0
powergrid,gjr_t,0.025,1665,0.03063063063063063,-3.168339212223188,0
powergrid,gjr_t,0.05,1665,0.04864864864864865,-3.346776679072892,0
powergrid,har,0.01,1665,0.016216216216216217,-2.8873821730876164,0
powergrid,har,0.025,1665,0.03783783783783784,-3.1359394267073886,0
powergrid,har,0.05,1665,0.06366366366366366,-3.3483078905856107,0
powergrid,vix,0.01,1665,0.018018018018018018,-2.7942642315667863,0
powergrid,vix,0.025,1665,0.037237237237237236,-3.0895954522371065,0
powergrid,vix,0.05,1665,0.06486486486486487,-3.302331665030799,0
bpcl,ewma,0.01,1665,0.008408408408408409,-2.684454920428634,0
bpcl,ewma,0.025,1665,0.02702702702702703,-2.9241571897639913,0
bpcl,ewma,0.05,1665,0.04924924924924925,-3.139488942654971,0
bpcl,garch_t,0.01,1665,0.009009009009009009,-2.673645975134284,0
bpcl,garch_t,0.025,1665,0.025825825825825825,-2.913750581987285,0
bpcl,garch_t,0.05,1665,0.04504504504504504,-3.1269723996090923,0
bpcl,egarch_t,0.01,1665,0.010810810810810811,-2.707160990575642,0
bpcl,egarch_t,0.025,1665,0.02702702702702703,-2.925394602959769,0
bpcl,egarch_t,0.05,1665,0.043243243243243246,-3.1391125933186212,0
bpcl,gjr_t,0.01,1665,0.009009009009009009,-2.6792973993951037,0
bpcl,gjr_t,0.025,1665,0.025825825825825825,-2.9185966990189933,0
bpcl,gjr_t,0.05,1665,0.04564564564564565,-3.1308533777410616,0
bpcl,har,0.01,1665,0.009009009009009009,-2.696472030512574,0
bpcl,har,0.025,1665,0.026426426426426425,-2.9281551475715375,0
bpcl,har,0.05,1665,0.04864864864864865,-3.1469067215386493,0
bpcl,vix,0.01,1665,0.007207207207207207,-2.7166132424536045,0
bpcl,vix,0.025,1665,0.023423423423423424,-2.9329992761748973,0
bpcl,vix,0.05,1665,0.04744744744744745,-3.139413422275216,0
ultracemco,ewma,0.01,1665,0.01021021021021021,-3.0376117773129034,0
ultracemco,ewma,0.025,1665,0.024624624624624624,-3.262053989670559,0
ultracemco,ewma,0.05,1665,0.04624624624624624,-3.436511744833731,0
ultracemco,garch_t,0.01,1665,0.00960960960960961,-2.992491011124151,0
ultracemco,garch_t,0.025,1665,0.01921921921921922,-3.207687638434675,0
ultracemco,garch_t,0.05,1665,0.04024024024024024,-3.406963616906828,0
ultracemco,egarch_t,0.01,1665,0.009009009009009009,-2.9961553500420135,0
ultracemco,egarch_t,0.025,1665,0.018018018018018018,-3.218092490138671,0
ultracemco,egarch_t,0.05,1665,0.03963963963963964,-3.4194581532729913,0
ultracemco,gjr_t,0.01,1665,0.009009009009009009,-3.0050011502401692,0
ultracemco,gjr_t,0.025,1665,0.018018018018018018,-3.2231481260164436,0
ultracemco,gjr_t,0.05,1665,0.03783783783783784,-3.418332916148795,0
ultracemco,har,0.01,1665,0.012012012012012012,-2.969119070769858,0
ultracemco,har,0.025,1665,0.024024024024024024,-3.220163381862076,0
ultracemco,har,0.05,1665,0.04084084084084084,-3.4251386760114113,0
ultracemco,vix,0.01,1665,0.004804804804804805,-3.140804468376645,0
ultracemco,vix,0.025,1665,0.01921921921921922,-3.2974323006526545,0
ultracemco,vix,0.05,1665,0.034834834834834835,-3.4517779073393977,0
grasim,ewma,0.01,1665,0.011411411411411412,-2.8960808497372343,0
grasim,ewma,0.025,1665,0.022822822822822823,-3.1439239411514524,0
grasim,ewma,0.05,1665,0.05645645645645646,-3.3418826323326916,0
grasim,garch_t,0.01,1665,0.009009009009009009,-2.883894986079854,0
grasim,garch_t,0.025,1665,0.021621621621621623,-3.1269268380176225,0
grasim,garch_t,0.05,1665,0.04744744744744745,-3.3312273513927138,0
grasim,egarch_t,0.01,1665,0.008408408408408409,-2.930893266908286,0
grasim,egarch_t,0.025,1665,0.021021021021021023,-3.1575232673429685,0
grasim,egarch_t,0.05,1665,0.043243243243243246,-3.3548047147575204,0
grasim,gjr_t,0.01,1665,0.009009009009009009,-2.8937198326175935,0
grasim,gjr_t,0.025,1665,0.022222222222222223,-3.132023018891584,0
grasim,gjr_t,0.05,1665,0.04624624624624624,-3.331306547305978,0
grasim,har,0.01,1665,0.012612612612612612,-2.8738196096016035,0
grasim,har,0.025,1665,0.025225225225225224,-3.1361246870776642,0
grasim,har,0.05,1665,0.05285285285285285,-3.3352710249910564,0
grasim,vix,0.01,1665,0.005405405405405406,-2.9613703706382197,0
grasim,vix,0.025,1665,0.01921921921921922,-3.1881016569722904,0
grasim,vix,0.05,1665,0.04084084084084084,-3.3687061368536177,0
ambujacem,ewma,0.01,1665,0.017417417417417418,-2.367744791245906,0
ambujacem,ewma,0.025,1665,0.02822822822822823,-2.721523995794002,0
ambujacem,ewma,0.05,1665,0.04984984984984985,-2.9920347055454037,0
ambujacem,garch_t,0.01,1665,0.017417417417417418,-2.415755666309718,0
ambujacem,garch_t,0.025,1665,0.02942942942942943,-2.764827103988358,0
ambujacem,garch_t,0.05,1665,0.05045045045045045,-3.0281855917877145,0
ambujacem,egarch_t,0.01,1665,0.016816816816816817,-2.4048688893309333,0
ambujacem,egarch_t,0.025,1665,0.03063063063063063,-2.7690246083785777,0
ambujacem,egarch_t,0.05,1665,0.05645645645645646,-3.0297327934944795,0
ambujacem,gjr_t,0.01,1665,0.017417417417417418,-2.4472613121659754,0
ambujacem,gjr_t,0.025,1665,0.02882882882882883,-2.7841646384171677,0
ambujacem,gjr_t,0.05,1665,0.04924924924924925,-3.0395872932135912,0
ambujacem,har,0.01,1665,0.018018018018018018,-2.368935367065697,0
ambujacem,har,0.025,1665,0.033633633633633635,-2.7432571525220326,0
ambujacem,har,0.05,1665,0.06006006006006006,-3.025732355231041,0
ambujacem,vix,0.01,1665,0.016816816816816817,-2.223476099113721,0
ambujacem,vix,0.025,1665,0.03003003003003003,-2.672902259690845,0
ambujacem,vix,0.05,1665,0.05405405405405406,-2.9564675056443157,0
asianpaint,ewma,0.01,1665,0.015615615615615615,-2.760260690992588,0
asianpaint,ewma,0.025,1665,0.03783783783783784,-3.0348388501706633,0
asianpaint,ewma,0.05,1665,0.061861861861861864,-3.269726958960877,0
asianpaint,garch_t,0.01,1665,0.013213213213213212,-2.8370880330345516,0
asianpaint,garch_t,0.025,1665,0.02942942942942943,-3.1016667032016194,0
asianpaint,garch_t,0.05,1665,0.054654654654654654,-3.318563902094795,0
asianpaint,egarch_t,0.01,1665,0.013213213213213212,-2.841278221755152,0
asianpaint,egarch_t,0.025,1665,0.02762762762762763,-3.122433802335416,0
asianpaint,egarch_t,0.05,1665,0.05285285285285285,-3.33418041511793,0
asianpaint,gjr_t,0.01,1665,0.012012012012012012,-2.8548298438173525,0
asianpaint,gjr_t,0.025,1665,0.026426426426426425,-3.1265092388480613,0
asianpaint,gjr_t,0.05,1665,0.04924924924924925,-3.333527934697567,0
asianpaint,har,0.01,1665,0.014414414414414415,-2.9552997082773964,0
asianpaint,har,0.025,1665,0.036036036036036036,-3.1800526755534793,0
asianpaint,har,0.05,1665,0.06366366366366366,-3.380721358028265,0
asianpaint,vix,0.01,1665,0.012012012012012012,-2.954359898806409,0
asianpaint,vix,0.025,1665,0.03423423423423423,-3.1782130651893103,0
asianpaint,vix,0.05,1665,0.05105105105105105,-3.377057868906075,0
upl,ewma,0.01,1665,0.013213213213213212,-2.3145207576482245,0
upl,ewma,0.025,1665,0.03063063063063063,-2.672116232882064,0
upl,ewma,0.05,1665,0.05885885885885886,-2.9425092898856655,0
upl,garch_t,0.01,1665,0.014414414414414415,-2.3307670920268757,0
upl,garch_t,0.025,1665,0.02702702702702703,-2.6952256295838133,0
upl,garch_t,0.05,1665,0.05345345345345345,-2.966149586984316,0
upl,egarch_t,0.01,1665,0.015615615615615615,-2.346532768708937,0
upl,egarch_t,0.025,1665,0.026426426426426425,-2.715942444742189,0
upl,egarch_t,0.05,1665,0.05225225225225225,-2.983171961935529,0
upl,gjr_t,0.01,1665,0.013813813813813814,-2.350846526027073,0
upl,gjr_t,0.025,1665,0.026426426426426425,-2.710529060154043,0
upl,gjr_t,0.05,1665,0.04924924924924925,-2.97101237803053,0
upl,har,0.01,1665,0.013813813813813814,-2.4536294185284673,0
upl,har,0.025,1665,0.03303303303303303,-2.790111234995719,0
upl,har,0.05,1665,0.05885885885885886,-3.034317307319502,0
upl,vix,0.01,1665,0.00960960960960961,-2.4905601034121445,0
upl,vix,0.025,1665,0.024024024024024024,-2.7959828043877555,0
upl,vix,0.05,1665,0.04564564564564565,-3.0354755957512474,0
pidilitind,ewma,0.01,1665,0.014414414414414415,-3.0006547218942297,0
pidilitind,ewma,0.025,1665,0.02882882882882883,-3.2510745600606112,0
pidilitind,ewma,0.05,1665,0.061861861861861864,-3.4534509967877844,0
pidilitind,garch_t,0.01,1665,0.01021021021021021,-3.009589718460312,0
pidilitind,garch_t,0.025,1665,0.01981981981981982,-3.247180809029159,0
pidilitind,garch_t,0.05,1665,0.04264264264264264,-3.457907347809274,0
pidilitind,egarch_t,0.01,1665,0.01021021021021021,-3.025249955511353,0
pidilitind,egarch_t,0.025,1665,0.01921921921921922,-3.25866796623498,0
pidilitind,egarch_t,0.05,1665,0.04264264264264264,-3.46922563992463,0
pidilitind,gjr_t,0.01,1665,0.01021021021021021,-3.0318157758161934,0
pidilitind,gjr_t,0.025,1665,0.01921921921921922,-3.2599011660923223,0
pidilitind,gjr_t,0.05,1665,0.042042042042042045,-3.4718208522114744,0
pidilitind,har,0.01,1665,0.016216216216216217,-2.9786907967880545,0
pidilitind,har,0.025,1665,0.03123123123123123,-3.2474681040518396,0
pidilitind,har,0.05,1665,0.057057057057057055,-3.4630066737240974,0
pidilitind,vix,0.01,1665,0.007207207207207207,-3.0525823163936536,0
pidilitind,vix,0.025,1665,0.021021021021021023,-3.2684438788250314,0
pidilitind,vix,0.05,1665,0.04384384384384384,-3.4770049617389858,0
