asset,rows,flat_dropped,special_dropped,vix_filled,vix_missing,rows_after_corrections
hdfcbank,2890,6,8,17,0,2890
kotakbank,2890,6,8,17,0,2890
axisbank,2890,6,8,17,0,2890
tcs,2890,6,8,17,0,2890
wipro,2890,6,8,17,0,2890
hcltech,2890,6,8,17,0,2890
mm,2889,7,8,17,0,2889
eichermot,2890,6,8,17,0,2890
heromotoco,2890,6,8,17,0,2890
cipla,2890,6,8,17,0,2890
lupin,2890,6,8,17,0,2890
auropharma,2890,5,8,17,0,2890
jswsteel,2888,8,8,17,0,2888
vedl,2890,6,8,17,0,2889
sail,2890,6,8,17,0,2890
britannia,2888,8,8,17,0,2888
dabur,2890,6,8,17,0,2890
marico,2890,6,8,17,0,2890
ntpc,2890,6,8,17,0,2890
powergrid,2890,6,8,17,0,2890
bpcl,2890,6,8,17,0,2890
ultracemco,2890,6,8,17,0,2890
grasim,2890,6,8,17,0,2890
ambujacem,2890,6,8,17,0,2890
asianpaint,2890,6,8,17,0,2890
upl,2890,6,8,17,0,2890
pidilitind,2890,6,8,17,0,2890
