alpha,asset,other,dm_stat,p
0.01,hdfcbank,ewma,-0.2834918162949685,0.7768636349143716
0.01,hdfcbank,garch_t,0.6454539807211764,0.5187939690802355
0.01,hdfcbank,egarch_t,-1.6139409315477344,0.10688314747742089
0.01,hdfcbank,gjr_t,-1.9025097789075347,0.05741655205696032
0.01,hdfcbank,har,1.4129498909572502,0.15800867273665456
0.01,hdfcbank,vix,-1.5254596700227965,0.12748816565203655
0.01,hdfcbank,mean,-0.43291210470643976,0.6651800936149769
0.01,hdfcbank,median,-0.5460613307237939,0.5851561660933015
0.01,hdfcbank,min_score,-0.9983635262553082,0.3183656229522804
0.01,hdfcbank,relative_score,-1.3067758755645162,0.19161539094508737
0.01,hdfcbank,previous_best,-1.5254596700227965,0.12748816565203655
0.01,kotakbank,ewma,0.32613506953727966,0.7443963344352417
0.01,kotakbank,garch_t,1.3261960553619554,0.18510390484956923
0.01,kotakbank,egarch_t,1.0231889790059927,0.3064874662949318
0.01,kotakbank,gjr_t,0.9412536853756402,0.34682194925830034
0.01,kotakbank,har,1.4637844346147408,0.1435944358161776
0.01,kotakbank,vix,-0.5884138812955212,0.5563989441723932
0.01,kotakbank,mean,1.5282726432129576,0.1267885833104421
0.01,kotakbank,median,1.1691390057563193,0.24265045697377022
0.01,kotakbank,min_score,0.05057527756875538,0.9596749413026366
0.01,kotakbank,relative_score,-0.17898070045288794,0.8579922630311618
0.01,kotakbank,previous_best,-0.9638540405316388,0.33537238286967674
0.01,axisbank,ewma,-1.4009668349620081,0.16156119955583548
0.01,axisbank,garch_t,0.41983890736199564,0.6747011647985298
0.01,axisbank,egarch_t,-1.0440099006996466,0.29675504961033594
0.01,axisbank,gjr_t,0.11572701911561205,0.9078941463583767
0.01,axisbank,har,1.125926234075876,0.2604903631635214
0.01,axisbank,vix,0.3838919864633748,0.7011472089014122
0.01,axisbank,mean,0.44153642345836186,0.6589284532169574
0.01,axisbank,median,0.5177501138523473,0.6047570999487434
0.01,axisbank,min_score,0.71010236416266,0.4778206078970942
0.01,axisbank,relative_score,0.45121307447977255,0.6519423217963826
0.01,axisbank,previous_best,0.3838919864633748,0.7011472089014122
0.01,tcs,ewma,-0.3594389829852372,0.7193491997720454
0.01,tcs,garch_t,-0.29238269272750783,0.7700599633905628
0.01,tcs,egarch_t,-0.2503537402009159,0.8023696959563117
0.01,tcs,gjr_t,-0.4400492605169041,0.660004789108051
0.01,tcs,har,1.2675028552762075,0.20529626099935863
0.01,tcs,vix,-1.806343558710202,0.07119136851700565
0.01,tcs,mean,0.42202447016693095,0.6731057550211448
0.01,tcs,median,-0.036052977240411795,0.9712479375444669
0.01,tcs,min_score,-0.5143117384939134,0.6071575739856276
0.01,tcs,relative_score,-0.46628146079548405,0.6411244289327162
0.01,tcs,previous_best,-1.170500378217885,0.24210276572206252
0.01,wipro,ewma,0.2334310028270572,0.8154786689997235
0.01,wipro,garch_t,0.35168034781455537,0.7251585309954929
0.01,wipro,egarch_t,0.3260897163948681,0.7444306358639415
0.01,wipro,gjr_t,0.2666968186697552,0.7897623681234217
0.01,wipro,har,2.1757741689524357,0.029826043750584487
0.01,wipro,vix,-1.9111469065279587,0.056296215798875456
0.01,wipro,mean,0.6316929040014058,0.5277444915202868
0.01,wipro,median,0.47643403429220815,0.6338783216232774
0.01,wipro,min_score,-0.721630049810665,0.4707053143121929
0.01,wipro,relative_score,0.2746844639461574,0.7836203376923156
0.01,wipro,previous_best,-0.811142790912649,0.41749346649358704
0.01,hcltech,ewma,-2.0554183936990644,0.0401204196161993
0.01,hcltech,garch_t,-1.8609973545886505,0.06306336311099912
0.01,hcltech,egarch_t,-1.1403863714103875,0.2544221525547888
0.01,hcltech,gjr_t,-1.6511593198457033,0.09904732347699163
0.01,hcltech,har,0.7065949589138671,0.479997133896247
0.01,hcltech,vix,-0.9815696748040285,0.3265699447637104
0.01,hcltech,mean,-0.9296005102125624,0.3528218058840106
0.01,hcltech,median,-1.1831585120193977,0.23705197764343505
0.01,hcltech,min_score,-0.03979385960550546,0.9682661052913922
0.01,hcltech,relative_score,-0.3829196285881417,0.701867810758599
0.01,hcltech,previous_best,-0.5451261289318052,0.5857988964413878
0.01,mm,ewma,-1.6773374399082757,0.09381656269074225
0.01,mm,garch_t,-1.724859024711653,0.08488910095791827
0.01,mm,egarch_t,-2.666473423853342,0.007799830699956545
0.01,mm,gjr_t,-2.461464421961105,0.01401987326511528
0.01,mm,har,0.21008977955883568,0.8336441695895859
0.01,mm,vix,-0.8577600525740687,0.39124861063449023
0.01,mm,mean,-1.0457750998257427,0.2959398608480155
0.01,mm,median,-1.8810490939603046,0.06028119658659766
0.01,mm,min_score,0.2893004543804764,0.7724167150812983
0.01,mm,relative_score,0.06832362458236485,0.9455428806381768
0.01,mm,previous_best,0.21008977955883568,0.8336441695895859
0.01,eichermot,ewma,-0.7138602432468922,0.47549466144014524
0.01,eichermot,garch_t,-1.441498485028791,0.14978418981815872
0.01,eichermot,egarch_t,-1.4060357619820147,0.1600511497301011
0.01,eichermot,gjr_t,-1.4830124819505726,0.1384135624079603
0.01,eichermot,har,3.0592336334023233,0.002283331847555276
0.01,eichermot,vix,0.47450497719348916,0.635252455373295
0.01,eichermot,mean,-0.34473040518153014,0.7303758473203174
0.01,eichermot,median,-0.5927674159485163,0.5534824877076998
0.01,eichermot,min_score,1.85005411411564,0.06462624057956051
0.01,eichermot,relative_score,3.046237021120004,0.0023833392660665815
0.01,eichermot,previous_best,2.990876552708669,0.0028559250666555297
0.01,heromotoco,ewma,-2.1739078991841927,0.02996639697259482
0.01,heromotoco,garch_t,-1.2015050241528853,0.22986456380849224
0.01,heromotoco,egarch_t,-2.085716429554767,0.03727936659164842
0.01,heromotoco,gjr_t,-1.2026804108440774,0.22940944520327436
0.01,heromotoco,har,1.2006474373085925,0.230197033541981
0.01,heromotoco,vix,0.28597336007710294,0.7749629031808503
0.01,heromotoco,mean,-0.3037611651377433,0.7613785391499488
0.01,heromotoco,median,-0.7873532483714311,0.4312778952724751
0.01,heromotoco,min_score,2.0145474142500572,0.04424266308734937
0.01,heromotoco,relative_score,1.3053971450338804,0.19208400895669453
0.01,heromotoco,previous_best,-0.27747886846327247,0.7814747676928006
0.01,cipla,ewma,-2.3952235451447024,0.016809303128260764
0.01,cipla,garch_t,-0.28380755582439204,0.7766217205091577
0.01,cipla,egarch_t,-0.5181395640898132,0.6044854774176379
0.01,cipla,gjr_t,-0.3350403958714034,0.7376709892409746
0.01,cipla,har,-0.1947653161620554,0.8456196766623679
0.01,cipla,vix,-1.3272639423382506,0.1847506629702472
0.01,cipla,mean,-0.49044739063223597,0.6239342961635582
0.01,cipla,median,-0.6845169064976933,0.4938212159226158
0.01,cipla,min_score,-0.22733218337834274,0.8202159566229189
0.01,cipla,relative_score,-0.29479721327532943,0.7682153032253949
0.01,cipla,previous_best,-0.1947653161620554,0.8456196766623679
0.01,lupin,ewma,-2.3215481559072924,0.02047491588120455
0.01,lupin,garch_t,0.33930665709489904,0.7344561645619382
0.01,lupin,egarch_t,0.522162173343279,0.601683118365416
0.01,lupin,gjr_t,0.4917381365327691,0.6230217751624014
0.01,lupin,har,-0.005808717713132347,0.9953665991572938
0.01,lupin,vix,-1.1491769549349387,0.25078168905204334
0.01,lupin,mean,-1.4195621371564107,0.15607393001077233
0.01,lupin,median,-0.10458672504238425,0.9167265448160206
0.01,lupin,min_score,-0.546015156233783,0.5851878924457709
0.01,lupin,relative_score,-0.3378723135808229,0.7355364917474038
0.01,lupin,previous_best,-0.005808717713132347,0.9953665991572938
0.01,auropharma,ewma,-0.6594669548498558,0.5097609971370217
0.01,auropharma,garch_t,-1.416965412987009,0.15683157352995059
0.01,auropharma,egarch_t,-1.2753022380217143,0.20252422429279768
0.01,auropharma,gjr_t,-1.244068005679306,0.2137914035915545
0.01,auropharma,har,0.6468307102090776,0.5179028541342746
0.01,auropharma,vix,0.45426254091955387,0.6497470244420548
0.01,auropharma,mean,-0.16355637162765033,0.8701163140856091
0.01,auropharma,median,-0.4125455946526746,0.680035685090087
0.01,auropharma,min_score,-1.5246057646877496,0.1277011246970462
0.01,auropharma,relative_score,-0.9961470494763806,0.3194406277441572
0.01,auropharma,previous_best,-0.6594669548498558,0.5097609971370217
0.01,jswsteel,ewma,0.29565029349973687,0.7675638753796579
0.01,jswsteel,garch_t,-1.3337812757774994,0.18260564547488298
0.01,jswsteel,egarch_t,-1.9628672893301715,0.049962569666860523
0.01,jswsteel,gjr_t,-1.568151895973367,0.1171895483467358
0.01,jswsteel,har,-1.1738358766421708,0.24076455096207042
0.01,jswsteel,vix,1.2049628898906704,0.22852748735298567
0.01,jswsteel,mean,0.4099213998663232,0.6819590383377763
0.01,jswsteel,median,-0.5013430463388632,0.6162496518279642
0.01,jswsteel,min_score,0.9013747258318289,0.3676250178584166
0.01,jswsteel,relative_score,1.0846635890190535,0.27835483061537475
0.01,jswsteel,previous_best,1.2049628898906704,0.22852748735298567
0.01,vedl,ewma,-0.35162166429139696,0.7252026192109858
0.01,vedl,garch_t,0.8585431674707227,0.3908164700843083
0.01,vedl,egarch_t,0.11395398000941025,0.9092991639515907
0.01,vedl,gjr_t,0.5313804037495992,0.5952836061402621
0.01,vedl,har,0.8236261750170422,0.4103656835212391
0.01,vedl,vix,0.09769040631331424,0.9221994352419677
0.01,vedl,mean,0.7626324817668225,0.4458783063292185
0.01,vedl,median,0.9167119241457479,0.35953411176668193
0.01,vedl,min_score,-0.35162166429139696,0.7252026192109858
0.01,vedl,relative_score,0.6298599841985365,0.5289427585788172
0.01,vedl,previous_best,0.8236261750170422,0.4103656835212391
0.01,sail,ewma,0.14501741138214921,0.8847288880185887
0.01,sail,garch_t,-0.22070723544027904,0.8253693668671634
0.01,sail,egarch_t,-0.13204902941044422,0.8949743841873898
0.01,sail,gjr_t,-0.45298156219865215,0.650668825792557
0.01,sail,har,1.6876902664037827,0.09180964626194998
0.01,sail,vix,0.1777597648834846,0.8589507774123603
0.01,sail,mean,0.6593867873289545,0.5098124388078203
0.01,sail,median,-0.05123350152604829,0.959150577832377
0.01,sail,min_score,0.9077318983369909,0.3642575897097249
0.01,sail,relative_score,0.6196935351556823,0.5356130133862899
0.01,sail,previous_best,-0.2539856099754633,0.7995634271721141
0.01,britannia,ewma,-0.8438395572253095,0.39897842154351715
0.01,britannia,garch_t,-0.7344002648510931,0.46289195862039373
0.01,britannia,egarch_t,-0.2877633691788133,0.7735926878840887
0.01,britannia,gjr_t,-0.3653049149830456,0.7149677763677946
0.01,britannia,har,2.485400367552889,0.013117260886507281
0.01,britannia,vix,-1.0034415661713834,0.3159117007017312
0.01,britannia,mean,0.0166682955900702,0.9867048540711874
0.01,britannia,median,-0.21285650238951928,0.8314860454833084
0.01,britannia,min_score,0.11395204000077973,0.909300674358281
0.01,britannia,relative_score,-0.6181901545640122,0.5366030041732784
0.01,britannia,previous_best,-0.8981473234772577,0.36934199912097876
0.01,dabur,ewma,-0.6926517174242425,0.48870294214313154
0.01,dabur,garch_t,0.9870771638692535,0.3238643330977394
0.01,dabur,egarch_t,0.9346777674428062,0.35019964351446914
0.01,dabur,gjr_t,0.9541292738384276,0.3402688311943278
0.01,dabur,har,2.0404719001920077,0.04158841066438476
0.01,dabur,vix,-1.106285356265594,0.2688922185446673
0.01,dabur,mean,1.1100857927665908,0.26725211755506356
0.01,dabur,median,0.9345018573295579,0.3502902851535588
0.01,dabur,min_score,1.9173422717704134,0.055503881599726225
0.01,dabur,relative_score,2.0735134172437455,0.03840232082301049
0.01,dabur,previous_best,2.0404719001920077,0.04158841066438476
0.01,marico,ewma,-0.453143390648887,0.6505523433176843
0.01,marico,garch_t,-0.6432149746946698,0.5202449017881312
0.01,marico,egarch_t,-1.6266172200435627,0.10416085756848738
0.01,marico,gjr_t,-0.6672212835691986,0.5047981105726529
0.01,marico,har,0.3709590234837247,0.7107534533121695
0.01,marico,vix,0.7954107658455255,0.4265797634544258
0.01,marico,mean,0.1404896782161136,0.8883038596128493
0.01,marico,median,-0.49556532581285845,0.6203194709904746
0.01,marico,min_score,0.5463036806171223,0.5849896613429382
0.01,marico,relative_score,-0.0024932433222374104,0.9980112222121978
0.01,marico,previous_best,-0.0353307623399379,0.9718236578606299
0.01,ntpc,ewma,1.1955163403269646,0.23219341557069081
0.01,ntpc,garch_t,0.012281448661496691,0.9902037307232675
0.01,ntpc,egarch_t,-1.0156861971634485,0.31004587392238636
0.01,ntpc,gjr_t,-0.07642369302527378,0.939098636238512
0.01,ntpc,har,3.867999111378001,0.00011746123250862529
0.01,ntpc,vix,-0.2817375319146229,0.778208132772415
0.01,ntpc,mean,0.35449290228259966,0.7230507596746587
0.01,ntpc,median,0.03753570919972491,0.9700660113519031
0.01,ntpc,min_score,1.508051288178423,0.1318847088570892
0.01,ntpc,relative_score,1.0914615497497584,0.27535559518372643
0.01,ntpc,previous_best,0.03559452679799479,0.9716133938523694
0.01,powergrid,ewma,0.04673331002657277,0.9627359239929243
0.01,powergrid,garch_t,0.8275902309664831,0.40811721542245305
0.01,powergrid,egarch_t,0.6706576608293946,0.5026069624114003
0.01,powergrid,gjr_t,0.811938691023909,0.4170368374195847
0.01,powergrid,har,-0.6591192844785931,0.5099841089762761
0.01,powergrid,vix,-1.903817054331145,0.057245799916211336
0.01,powergrid,mean,1.281273892128901,0.2004203321127189
0.01,powergrid,median,1.1604324648914055,0.24617380822546384
0.01,powergrid,min_score,-0.007681004118167551,0.9938731708546411
0.01,powergrid,relative_score,-0.009299024348983335,0.9925825749647126
0.01,powergrid,previous_best,-0.5937821563093765,0.552803787266859
0.01,bpcl,ewma,-2.491607251681541,0.01289182091144657
0.01,bpcl,garch_t,-1.0786285332625976,0.2810360705814494
0.01,bpcl,egarch_t,-0.7229472720852382,0.46989602428078975
0.01,bpcl,gjr_t,-0.810030616215483,0.41813204482338895
0.01,bpcl,har,-1.463916735425422,0.14355828612352733
0.01,bpcl,vix,1.0406785059256072,0.2982981871185721
0.01,bpcl,mean,-0.21424151182959109,0.8304061999786684
0.01,bpcl,median,-0.24657377239867906,0.8052931102366578
0.01,bpcl,min_score,1.0864119599836597,0.27758133689315484
0.01,bpcl,relative_score,-0.24956083252866434,0.8029826999517098
0.01,bpcl,previous_best,-0.9485155543141193,0.34311613907222416
0.01,ultracemco,ewma,0.542009328953264,0.5879433262147559
0.01,ultracemco,garch_t,-2.1595780538476093,0.03106314478518618
0.01,ultracemco,egarch_t,-1.956710261476408,0.05068369951670617
0.01,ultracemco,gjr_t,-2.6651621591909835,0.007829924766601272
0.01,ultracemco,har,-1.2106048470145536,0.22635780004294342
0.01,ultracemco,vix,2.1873198677416053,0.02897027003989191
0.01,ultracemco,mean,-0.16344644348054846,0.8702028347398341
0.01,ultracemco,median,-0.7096288993582177,0.4781141012709193
0.01,ultracemco,min_score,2.1214893169406785,0.03414746238582712
0.01,ultracemco,relative_score,1.9047780753409966,0.05712054439475655
0.01,ultracemco,previous_best,2.1873198677416053,0.02897027003989191
0.01,grasim,ewma,-0.21706550873933095,0.8282054198281571
0.01,grasim,garch_t,0.8379443761134104,0.40227958095922783
0.01,grasim,egarch_t,0.8391304635922808,0.4016140853700355
0.01,grasim,gjr_t,0.8082424024528355,0.4191599920940862
0.01,grasim,har,-0.6767299955874385,0.4987473880544554
0.01,grasim,vix,1.5029919104437908,0.13318429718428615
0.01,grasim,mean,1.3688008003779821,0.1713956632530775
0.01,grasim,median,1.2125673627120508,0.22560655133631283
0.01,grasim,min_score,1.1762414946800035,0.23980265252826435
0.01,grasim,relative_score,1.3802654164787542,0.1678402208579627
0.01,grasim,previous_best,1.5029919104437908,0.13318429718428615
0.01,ambujacem,ewma,-0.6717374227990918,0.5019195117500733
0.01,ambujacem,garch_t,0.4560342690613001,0.6484729610980045
0.01,ambujacem,egarch_t,-0.4047060031454914,0.6857877034843392
0.01,ambujacem,gjr_t,0.48670384153374335,0.6265841468195049
0.01,ambujacem,har,-1.6061659929159655,0.10858059585937661
0.01,ambujacem,vix,-1.0792179196252474,0.28077344829028955
0.01,ambujacem,mean,-0.035355716370273474,0.9718037652765462
0.01,ambujacem,median,-0.11409217249126423,0.9091896202324007
0.01,ambujacem,min_score,-1.2307876472400103,0.21871686561232617
0.01,ambujacem,relative_score,-1.2432253399932656,0.21410153253197958
0.01,ambujacem,previous_best,-1.4105011308202329,0.15872977835409438
0.01,asianpaint,ewma,-3.0267625350521112,0.002540728538234664
0.01,asianpaint,garch_t,-2.4016068638909003,0.01652070690276982
0.01,asianpaint,egarch_t,-1.666993392018462,0.09585607214670085
0.01,asianpaint,gjr_t,-1.6113912398527448,0.10743746749487354
0.01,asianpaint,har,0.30652542631816704,0.7592739809733583
0.01,asianpaint,vix,-1.8387908921227003,0.0662681120540509
0.01,asianpaint,mean,-2.5077104516445043,0.012322868924784956
0.01,asianpaint,median,-2.8023309986582507,0.005180040842341033
0.01,asianpaint,min_score,-1.2389100414175283,0.21569479996037627
0.01,asianpaint,relative_score,-1.2978291641535935,0.19467133668418768
0.01,asianpaint,previous_best,-1.8597618323817704,0.06323823425928406
0.01,upl,ewma,-1.6291882788576704,0.10361549910537968
0.01,upl,garch_t,-2.2548733071654516,0.02437568167855092
0.01,upl,egarch_t,-1.764771403502084,0.07793395049761649
0.01,upl,gjr_t,-2.2751384174095772,0.023126951589741495
0.01,upl,har,2.0855482234077742,0.03729465298528807
0.01,upl,vix,-0.3460533020341591,0.7293817776345051
0.01,upl,mean,-1.294065034962006,0.1959677066612348
0.01,upl,median,-1.9715006671604292,0.04896592950388641
0.01,upl,min_score,0.41227148123319984,0.6802364940279519
0.01,upl,relative_score,-0.14980971357376016,0.8809475805885199
0.01,upl,previous_best,-0.3460533020341591,0.7293817776345051
0.01,pidilitind,ewma,0.5375120324793335,0.5910439604895671
0.01,pidilitind,garch_t,0.9065732264271648,0.3648699008835184
0.01,pidilitind,egarch_t,0.9436287856950198,0.3456071114579155
0.01,pidilitind,gjr_t,1.093685651441618,0.27437914343606423
0.01,pidilitind,har,-0.9112347917806263,0.3624103681733963
0.01,pidilitind,vix,0.9918855034348939,0.3215141798604592
0.01,pidilitind,mean,1.4928388294403605,0.13582222083693085
0.01,pidilitind,median,1.363586798757359,0.17303120615571027
0.01,pidilitind,min_score,0.6115279513753654,0.5410011963044948
0.01,pidilitind,relative_score,1.7165797711558637,0.08639258519435987
0.01,pidilitind,previous_best,0.9918855034348939,0.3215141798604592
0.01,ALL,ewma,-2.2445433745465535,0.025034955372975093
0.01,ALL,garch_t,-0.5621369232914872,0.5741599599951303
0.01,ALL,egarch_t,-2.2045377558441843,0.027733963517820193
0.01,ALL,gjr_t,-1.10071617122538,0.27130874148668876
0.01,ALL,har,1.6620063896755786,0.09685289397199921
0.01,ALL,vix,-2.205330393867551,0.027678139219772517
0.01,ALL,mean,0.6450913149274576,0.5190291938536782
0.01,ALL,median,-0.0917945165253773,0.9268813275282335
0.01,ALL,min_score,0.19066926917174426,0.8488268737652155
0.01,ALL,relative_score,-0.070327908670391,0.943947986614448
0.01,ALL,previous_best,-1.7080531596971553,0.08796455382905916
0.025,hdfcbank,ewma,-0.7449780812704634,0.45647523383305866
0.025,hdfcbank,garch_t,0.06764129827240697,0.9460858765726883
0.025,hdfcbank,egarch_t,-1.1852170143268923,0.23623770692289672
0.025,hdfcbank,gjr_t,-1.5308158971923944,0.1261586594224775
0.025,hdfcbank,har,2.089763291570993,0.0369131992831017
0.025,hdfcbank,vix,-2.044796532102836,0.04115904957024244
0.025,hdfcbank,mean,-0.333692004439057,0.7386880241603861
0.025,hdfcbank,median,-0.5248982150864853,0.5997804097090844
0.025,hdfcbank,min_score,-1.6360969379289303,0.10216132914422643
0.025,hdfcbank,relative_score,-1.5322894384264176,0.12579480515046051
0.025,hdfcbank,previous_best,-2.125538214136173,0.03380759803925776
0.025,hdfcbank,gate,-1.564630383236,0.11801348551861829
0.025,kotakbank,ewma,-0.7030843057152983,0.4821810866624283
0.025,kotakbank,garch_t,0.1596523713694019,0.8731899648511698
0.025,kotakbank,egarch_t,0.0523270281939703,0.9582794767416964
0.025,kotakbank,gjr_t,-0.4007136718219135,0.6887239824217384
0.025,kotakbank,har,1.8529371409119106,0.06421142189425456
0.025,kotakbank,vix,-0.7367059772819964,0.46148898657493126
0.025,kotakbank,mean,0.5568474928165192,0.577767062288664
0.025,kotakbank,median,0.1857314637350178,0.8526962938150727
0.025,kotakbank,min_score,0.5221015199465722,0.6017253290663178
0.025,kotakbank,relative_score,0.11414460460073676,0.909148068569045
0.025,kotakbank,previous_best,-0.9851386367596542,0.3248149820096
0.025,kotakbank,gate,-2.039878014844247,0.041647668793682986
0.025,axisbank,ewma,-1.8707658042259065,0.061694823264878386
0.025,axisbank,garch_t,-0.6054521162341112,0.545027953504981
0.025,axisbank,egarch_t,-1.9334685206870217,0.05348501692513882
0.025,axisbank,gjr_t,-1.1043196412736778,0.2697432449504573
0.025,axisbank,har,0.3444684466725402,0.7305727457382035
0.025,axisbank,vix,0.16702867936788476,0.8673841871811385
0.025,axisbank,mean,-0.7427765478597548,0.4578065881921692
0.025,axisbank,median,-0.5036530676996627,0.6146257667478346
0.025,axisbank,min_score,0.5503703406416343,0.5821989880340396
0.025,axisbank,relative_score,0.20983771951725458,0.8338407911845469
0.025,axisbank,previous_best,0.16702867936788476,0.8673841871811385
0.025,axisbank,gate,-1.7772051992107345,0.07586480762220334
0.025,tcs,ewma,0.1350815762661712,0.8925769240749537
0.025,tcs,garch_t,0.27096787589550025,0.786476521572399
0.025,tcs,egarch_t,0.16923361225880876,0.8656500940289279
0.025,tcs,gjr_t,0.36397765151728473,0.7159583283199104
0.025,tcs,har,2.060086060017441,0.0396710959338591
0.025,tcs,vix,-1.979149792791625,0.04809692777536898
0.025,tcs,mean,0.9629929987071553,0.3358040770001777
0.025,tcs,median,0.7478721424799382,0.45472840173185114
0.025,tcs,min_score,0.336547173210353,0.7365350345598085
0.025,tcs,relative_score,0.20234590898294588,0.8396910485323066
0.025,tcs,previous_best,-0.9198749984955337,0.35787920807653134
0.025,tcs,gate,-0.7373759093926234,0.461081795064875
0.025,wipro,ewma,-0.1999410701444197,0.841570854705785
0.025,wipro,garch_t,0.37193999021766233,0.7100231804513836
0.025,wipro,egarch_t,0.6959822475700652,0.48661572571081724
0.025,wipro,gjr_t,0.5447844414707003,0.586033807700728
0.025,wipro,har,1.074704966476834,0.28278861334356664
0.025,wipro,vix,-3.2113040899423893,0.001367188231080574
0.025,wipro,mean,1.217311214582826,0.2237979787339581
0.025,wipro,median,0.7478397616290985,0.454747925663324
0.025,wipro,min_score,-0.8569040542230982,0.39172105943514063
0.025,wipro,relative_score,-0.07995120456162304,0.936293452286873
0.025,wipro,previous_best,-1.557940703197619,0.1195912171477246
0.025,wipro,gate,-0.036214257137308775,0.9711193738157743
0.025,hcltech,ewma,-1.0113047365260937,0.3121364948333816
0.025,hcltech,garch_t,-1.4040573450629177,0.16063924984644695
0.025,hcltech,egarch_t,-0.7178857436540308,0.47300998701317304
0.025,hcltech,gjr_t,-1.145355528330686,0.25235976522502285
0.025,hcltech,har,-0.11793331332469002,0.906146239525844
0.025,hcltech,vix,-1.3824774831598432,0.16716063868337525
0.025,hcltech,mean,-0.6211875969117786,0.5346300730784047
0.025,hcltech,median,-0.6326186243414157,0.5271399170489567
0.025,hcltech,min_score,-0.5267118840911572,0.5985206465489304
0.025,hcltech,relative_score,-0.30070547212197635,0.7637070364037504
0.025,hcltech,previous_best,-0.11793331332469002,0.906146239525844
0.025,hcltech,gate,-1.144745373095632,0.252612372165506
0.025,mm,ewma,-1.7410505801483576,0.08200936399734092
0.025,mm,garch_t,-1.942455837828243,0.052387121411080956
0.025,mm,egarch_t,-1.7239258164642832,0.08505754193074651
0.025,mm,gjr_t,-1.969578320913193,0.04918671345993146
0.025,mm,har,-0.10375394578323802,0.9173872522520269
0.025,mm,vix,-1.8526953605170706,0.06424647356945534
0.025,mm,mean,-1.326231021329614,0.1850926887368847
0.025,mm,median,-1.5338900685968269,0.1254008719017242
0.025,mm,min_score,-0.34262267941099617,0.7319606863211233
0.025,mm,relative_score,-0.1822462778412017,0.8554296486862514
0.025,mm,previous_best,-0.10375394578323802,0.9173872522520269
0.025,mm,gate,-1.122660580399835,0.2618748874099541
0.025,eichermot,ewma,-0.5004503472006925,0.6168777010294778
0.025,eichermot,garch_t,-2.0122590136598166,0.04448368887016784
0.025,eichermot,egarch_t,-1.285574590360646,0.19891506870674927
0.025,eichermot,gjr_t,-1.7712454164267095,0.07685092003656388
0.025,eichermot,har,0.8042308402806188,0.42147143110880436
0.025,eichermot,vix,1.2566284806862498,0.20920716183645005
0.025,eichermot,mean,-0.10232218013331457,0.9185232478090447
0.025,eichermot,median,-0.572856710834648,0.5668816925675706
0.025,eichermot,min_score,1.2512471205081563,0.21116240781820259
0.025,eichermot,relative_score,0.9114716550249602,0.36228567281144003
0.025,eichermot,previous_best,0.8042308402806188,0.42147143110880436
0.025,eichermot,gate,-1.3038165244709843,0.1926222854492493
0.025,heromotoco,ewma,-0.23145632582405418,0.8170117784570107
0.025,heromotoco,garch_t,0.28639432794747444,0.7746405975911927
0.025,heromotoco,egarch_t,0.15581108898571314,0.8762161099677426
0.025,heromotoco,gjr_t,0.9175230914544072,0.35910906073985066
0.025,heromotoco,har,0.9985826689736415,0.318259466475017
0.025,heromotoco,vix,-0.6232315856300106,0.533286815189686
0.025,heromotoco,mean,1.4745060724450987,0.14068748473811296
0.025,heromotoco,median,0.9759623664974975,0.32933966144698107
0.025,heromotoco,min_score,2.6440822103602257,0.008330734643047852
0.025,heromotoco,relative_score,2.2200990293731984,0.026655089725641935
0.025,heromotoco,previous_best,0.9985826689736415,0.318259466475017
0.025,heromotoco,gate,-1.4399675817775042,0.15021675654452862
0.025,cipla,ewma,-2.92216082206672,0.00356118854888662
0.025,cipla,garch_t,-0.6572098639370131,0.5112103604569291
0.025,cipla,egarch_t,-1.2209169047490254,0.22243028852137112
0.025,cipla,gjr_t,-0.9405215745043723,0.3471969642632075
0.025,cipla,har,-0.06259316135824068,0.950104071066127
0.025,cipla,vix,-1.0006145554111627,0.317276292099775
0.025,cipla,mean,-0.638216161637418,0.5234918037371982
0.025,cipla,median,-0.7526754635612117,0.45183749874813495
0.025,cipla,min_score,-0.25752220663812725,0.7968332626417861
0.025,cipla,relative_score,-0.2716377402371251,0.7859615194758076
0.025,cipla,previous_best,-0.06259316135824068,0.950104071066127
0.025,cipla,gate,-0.6627575379232564,0.5076518553240223
0.025,lupin,ewma,-1.8860004145992664,0.059609695918749366
0.025,lupin,garch_t,-2.6374645592490884,0.008493771216162009
0.025,lupin,egarch_t,-2.807000846433202,0.0051061778865410315
0.025,lupin,gjr_t,-2.6860675918387202,0.007360112231158475
0.025,lupin,har,0.7068215567528403,0.47985635481864
0.025,lupin,vix,-0.8299054987556111,0.4068075055098527
0.025,lupin,mean,-3.312393047649215,0.0009610628285493091
0.025,lupin,median,-3.432793514352674,0.0006240328180564762
0.025,lupin,min_score,-1.282662056111332,0.19993356101695026
0.025,lupin,relative_score,0.21393808698965056,0.8306427428061937
0.025,lupin,previous_best,0.7068215567528403,0.47985635481864
0.025,lupin,gate,0.41877083833342943,0.6754813638546229
0.025,auropharma,ewma,-1.1420109644126215,0.25374659692286217
0.025,auropharma,garch_t,-2.2113459280983436,0.027257094215063664
0.025,auropharma,egarch_t,-1.7726993540881075,0.07660938990761178
0.025,auropharma,gjr_t,-1.6615692169655938,0.09693986445355893
0.025,auropharma,har,0.6522669240197921,0.5143919229326666
0.025,auropharma,vix,0.43044901325921126,0.6669698653082267
0.025,auropharma,mean,-0.6836989797620656,0.49433742560022065
0.025,auropharma,median,-1.0446521316249064,0.29645817739391606
0.025,auropharma,min_score,-1.8888691725269955,0.059223681578957105
0.025,auropharma,relative_score,-1.6410244944975019,0.10113412648433306
0.025,auropharma,previous_best,-1.427137008607497,0.15387970790756664
0.025,auropharma,gate,-0.23084670103242277,0.8174852239508894
0.025,jswsteel,ewma,0.032862714487257194,0.9737911943050457
0.025,jswsteel,garch_t,-1.729064483544349,0.08413301456919889
0.025,jswsteel,egarch_t,-1.4984749516524076,0.13435292481023922
0.025,jswsteel,gjr_t,-1.570773586834428,0.11657908739001875
0.025,jswsteel,har,-1.0901882435521832,0.27591568529973376
0.025,jswsteel,vix,0.8306229331108055,0.4064021746861524
0.025,jswsteel,mean,0.3700166715513592,0.7114552302394349
0.025,jswsteel,median,-0.16509935081719512,0.8689020531631593
0.025,jswsteel,min_score,0.9587435325163566,0.3379398449353963
0.025,jswsteel,relative_score,0.5188520585965355,0.6039886892607902
0.025,jswsteel,previous_best,0.8306229331108055,0.4064021746861524
0.025,jswsteel,gate,-0.5788977712767187,0.5627998526942944
0.025,vedl,ewma,-0.424707470564926,0.6711493490268479
0.025,vedl,garch_t,-0.5626918396670041,0.5737819769781279
0.025,vedl,egarch_t,-0.14553688959466146,0.8843189060838379
0.025,vedl,gjr_t,-0.5346680964573485,0.593008714822374
0.025,vedl,har,1.9517945164076873,0.051266028245717105
0.025,vedl,vix,-0.897207123714154,0.36984337951106083
0.025,vedl,mean,0.03873172069209491,0.969112694885424
0.025,vedl,median,0.0015535522143240988,0.9987607823290953
0.025,vedl,min_score,0.6910630257029614,0.4897004519597149
0.025,vedl,relative_score,1.9455457760253259,0.05201392786754454
0.025,vedl,previous_best,1.9517945164076873,0.051266028245717105
0.025,vedl,gate,-0.5121357803385482,0.6086790336259595
0.025,sail,ewma,-0.8232841801285762,0.41055976036847575
0.025,sail,garch_t,-1.0527574289695953,0.2927285988653486
0.025,sail,egarch_t,-0.9835277266477497,0.3256063508897353
0.025,sail,gjr_t,-1.4653390428133406,0.14317009828233
0.025,sail,har,1.157369698489646,0.2474217430456884
0.025,sail,vix,0.11574175744988272,0.9078824686200047
0.025,sail,mean,-0.23480064308554432,0.8144157160098043
0.025,sail,median,-0.9681171742172133,0.33324028410020207
0.025,sail,min_score,0.9058305391586818,0.3652627195388175
0.025,sail,relative_score,-0.0031559153934303057,0.99748263217697
0.025,sail,previous_best,1.157369698489646,0.2474217430456884
0.025,sail,gate,-0.3792573808758196,0.7045842613611185
0.025,britannia,ewma,-0.9576838119418103,0.33847381560094225
0.025,britannia,garch_t,-1.2373344425696828,0.21627865909670022
0.025,britannia,egarch_t,-1.0742427421053753,0.282995562913709
0.025,britannia,gjr_t,-1.0599503338686396,0.28944538586813834
0.025,britannia,har,3.4902426289512065,0.0005054961273858157
0.025,britannia,vix,-1.42314487139788,0.15503316969048375
0.025,britannia,mean,-0.5438500286761939,0.5866764430234187
0.025,britannia,median,-0.7366409546478392,0.4615285186980113
0.025,britannia,min_score,1.3501003660735844,0.17731584161449973
0.025,britannia,relative_score,2.030417770910133,0.04260131263173862
0.025,britannia,previous_best,3.4902426289512065,0.0005054961273858157
0.025,britannia,gate,-2.472108800996243,0.01361180296785352
0.025,dabur,ewma,-0.7145805198344075,0.4750495563841344
0.025,dabur,garch_t,0.6465866623590455,0.5180607610038873
0.025,dabur,egarch_t,0.3459529681513652,0.7294571559853669
0.025,dabur,gjr_t,0.35270682046481033,0.7243890339807509
0.025,dabur,har,2.6854485729956123,0.007373651375369116
0.025,dabur,vix,-0.8357760584748976,0.40349790193724805
0.025,dabur,mean,0.6848452428250259,0.493614077707443
0.025,dabur,median,0.477207508046172,0.633327704275933
0.025,dabur,min_score,1.866823437904282,0.06224414801712301
0.025,dabur,relative_score,2.151012087302146,0.03173509058760244
0.025,dabur,previous_best,2.6854485729956123,0.007373651375369116
0.025,dabur,gate,-1.8550906734357682,0.0639030037402591
0.025,marico,ewma,-0.41048021053856015,0.6815492947674425
0.025,marico,garch_t,-2.467392035586156,0.013791226358326856
0.025,marico,egarch_t,-3.4146142443053473,0.0006666363353249503
0.025,marico,gjr_t,-2.4720800436419568,0.013612890595338266
0.025,marico,har,0.21729362760360468,0.8280277023261134
0.025,marico,vix,-0.18129510100510826,0.8561758835485812
0.025,marico,mean,-1.6036303770571947,0.10913877592378529
0.025,marico,median,-2.312464411204846,0.020972033577464834
0.025,marico,min_score,-0.10987562880330183,0.9125319729568544
0.025,marico,relative_score,-1.16308839235841,0.24509522448355267
0.025,marico,previous_best,0.21729362760360468,0.8280277023261134
0.025,marico,gate,0.43477735118363303,0.663826007582086
0.025,ntpc,ewma,0.1467334731002495,0.8833745436308158
0.025,ntpc,garch_t,-0.8908761030756978,0.37322855822603745
0.025,ntpc,egarch_t,-2.276808778639954,0.023026551647475645
0.025,ntpc,gjr_t,-1.1257814820783918,0.26055161128354054
0.025,ntpc,har,1.2508577193507715,0.21130440339593984
0.025,ntpc,vix,-1.3671955722067954,0.17189795595809176
0.025,ntpc,mean,-0.34983570780291906,0.7265420670526839
0.025,ntpc,median,-0.9319398005459002,0.35161213157920557
0.025,ntpc,min_score,0.386577111687752,0.6991586970924332
0.025,ntpc,relative_score,0.7982280459185043,0.4249441586298769
0.025,ntpc,previous_best,1.2508577193507715,0.21130440339593984
0.025,ntpc,gate,-0.42449565639229914,0.6713036204893331
0.025,powergrid,ewma,0.023280056620637046,0.9814319280936039
0.025,powergrid,garch_t,0.7952845877800208,0.4266531035221313
0.025,powergrid,egarch_t,0.7511147857570403,0.45277565721735064
0.025,powergrid,gjr_t,0.7492530976588763,0.4538961995505533
0.025,powergrid,har,-1.4783549693861606,0.13965506367436703
0.025,powergrid,vix,-1.97692454565691,0.04834838465829131
0.025,powergrid,mean,1.1125837504683318,0.26617786908776214
0.025,powergrid,median,1.0007309148359127,0.3172200494030565
0.025,powergrid,min_score,0.091043934562462,0.9274774996778564
0.025,powergrid,relative_score,0.32872194716735637,0.7424406731181213
0.025,powergrid,previous_best,-0.4534898943501543,0.6503029622250683
0.025,powergrid,gate,-0.9879520904110831,0.3234358664949394
0.025,bpcl,ewma,-1.1519792183486985,0.24962887458079627
0.025,bpcl,garch_t,-0.3079054948820644,0.7582239386434731
0.025,bpcl,egarch_t,-0.49940747272301367,0.6176117602267823
0.025,bpcl,gjr_t,-0.14310614897404358,0.8862376850556795
0.025,bpcl,har,-1.3116992695904652,0.18994884870539025
0.025,bpcl,vix,1.0428465699470824,0.29729330797531656
0.025,bpcl,mean,0.549303513340748,0.5829304765262991
0.025,bpcl,median,0.40412010155841865,0.6862183261250628
0.025,bpcl,min_score,0.7783218547439625,0.43657941769667574
0.025,bpcl,relative_score,0.015373743317223583,0.9877373439699246
0.025,bpcl,previous_best,-1.5623025403309876,0.11856063113293591
0.025,bpcl,gate,-1.7444822449387813,0.08140897328237587
0.025,ultracemco,ewma,1.4602297083662445,0.14456834472384522
0.025,ultracemco,garch_t,-1.0445885709091083,0.29648754955403384
0.025,ultracemco,egarch_t,-0.4890526838748124,0.6249209645988041
0.025,ultracemco,gjr_t,-0.7654190029903455,0.44421839101065247
0.025,ultracemco,har,-0.9099427977443149,0.36309100527252325
0.025,ultracemco,vix,1.6729140887611345,0.09468418352266203
0.025,ultracemco,mean,0.4524329816155073,0.6510637521013408
0.025,ultracemco,median,0.15469722325223473,0.877093949556432
0.025,ultracemco,min_score,1.5644022156760626,0.11806702708165917
0.025,ultracemco,relative_score,1.371488174531847,0.17055722058674938
0.025,ultracemco,previous_best,1.6729140887611345,0.09468418352266203
0.025,ultracemco,gate,-1.0351267692250758,0.3008817175409899
0.025,grasim,ewma,-0.10450156861811048,0.9167941007638997
0.025,grasim,garch_t,-0.043894448578238376,0.9649980653266513
0.025,grasim,egarch_t,0.24311307255649275,0.8079719975324385
0.025,grasim,gjr_t,0.03320347550739532,0.9735195286423599
0.025,grasim,har,-0.5298511897497582,0.596342951331749
0.025,grasim,vix,1.7751805113980974,0.07619864846942659
0.025,grasim,mean,0.907708642458364,0.36426987316897164
0.025,grasim,median,0.652954493307018,0.5139487469265911
0.025,grasim,min_score,1.6333849109569412,0.10273021891952755
0.025,grasim,relative_score,1.610603741286663,0.10760913516134217
0.025,grasim,previous_best,1.7751805113980974,0.07619864846942659
0.025,grasim,gate,-0.07013920760018978,0.9440981028985408
0.025,ambujacem,ewma,-1.7694720327726001,0.07714635822655126
0.025,ambujacem,garch_t,0.3517194556621125,0.7251292086289869
0.025,ambujacem,egarch_t,0.06545943073773727,0.9478224276569776
0.025,ambujacem,gjr_t,0.6088450227564941,0.5427774691487357
0.025,ambujacem,har,-1.473096816368457,0.1410669677561615
0.025,ambujacem,vix,-0.9152519392866679,0.36029920726519515
0.025,ambujacem,mean,0.09583456638917237,0.9236728341033443
0.025,ambujacem,median,0.07843264219598696,0.9375009640037267
0.025,ambujacem,min_score,-0.10954062875412535,0.9127975866956575
0.025,ambujacem,relative_score,-0.35531119865334615,0.7224379100502712
0.025,ambujacem,previous_best,0.6088450227564941,0.5427774691487357
0.025,ambujacem,gate,-1.4462372057886126,0.1484512652139335
0.025,asianpaint,ewma,-2.387454216777876,0.0171665360995285
0.025,asianpaint,garch_t,-1.2786518854895672,0.201342123275532
0.025,asianpaint,egarch_t,-0.32378445539529427,0.7461748152983844
0.025,asianpaint,gjr_t,-0.4745011567436676,0.6352551780620922
0.025,asianpaint,har,1.2026177103237066,0.2294337070906564
0.025,asianpaint,vix,-1.6718878543036022,0.0948864790622378
0.025,asianpaint,mean,-0.45975054600375875,0.6458039071625705
0.025,asianpaint,median,-0.30368993580383713,0.7614327927423233
0.025,asianpaint,min_score,-0.8202313422684071,0.41229669606132746
0.025,asianpaint,relative_score,-1.4541775138813011,0.14623815339128585
0.025,asianpaint,previous_best,-1.9329578416627722,0.05354799457084668
0.025,asianpaint,gate,-0.8993067288239319,0.3687246203778995
0.025,upl,ewma,-2.6351937255098825,0.008550371983347923
0.025,upl,garch_t,-3.381093522561514,0.0007523763530284903
0.025,upl,egarch_t,-2.478010563387089,0.013390213910760899
0.025,upl,gjr_t,-3.097269052005602,0.0020123625227885964
0.025,upl,har,1.1625576464849012,0.24531049674615746
0.025,upl,vix,-0.7970450314321967,0.42563052411449936
0.025,upl,mean,-1.9959818699802265,0.04623029664837528
0.025,upl,median,-3.1317556981037136,0.0017925575481396883
0.025,upl,min_score,0.08826762281299053,0.9296831811020446
0.025,upl,relative_score,-0.40951495772788443,0.6822571178943897
0.025,upl,previous_best,-0.7970450314321967,0.42563052411449936
0.025,upl,gate,-0.6309045921624409,0.528259605493321
0.025,pidilitind,ewma,0.5867167616755115,0.5575378836960366
0.025,pidilitind,garch_t,0.5960736801095803,0.5512726268721092
0.025,pidilitind,egarch_t,0.7955337012998204,0.4265083152123276
0.025,pidilitind,gjr_t,0.8251205695145,0.40951703303003467
0.025,pidilitind,har,-0.522575450349093,0.601395540876018
0.025,pidilitind,vix,0.93134032112329,0.3519218783351152
0.025,pidilitind,mean,1.435040949625887,0.1516152858275115
0.025,pidilitind,median,1.2437852775199354,0.21389542073061893
0.025,pidilitind,min_score,0.9187400165803691,0.35847237782999586
0.025,pidilitind,relative_score,1.3314332739334434,0.1833762903287381
0.025,pidilitind,previous_best,0.7313084333530003,0.46477699884128776
0.025,pidilitind,gate,-1.824604934488519,0.06838486213380202
0.025,ALL,ewma,-2.743004576304874,0.006206565085394662
0.025,ALL,garch_t,-1.924471734482266,0.05460429600631377
0.025,ALL,egarch_t,-2.0760183556649863,0.03817009350551649
0.025,ALL,gjr_t,-1.9838777429017411,0.04756696003449434
0.025,ALL,har,1.1127907295694996,0.26608962441271655
0.025,ALL,vix,-2.755373185693545,0.005978587589549867
0.025,ALL,mean,0.12028182455465562,0.9042862207695967
0.025,ALL,median,-0.6164697865701368,0.5377373455299563
0.025,ALL,min_score,0.8278330290105951,0.407980218090411
0.025,ALL,relative_score,0.7146664096558076,0.4749968897483209
0.025,ALL,previous_best,-0.7619882786767712,0.4462627210172695
0.025,ALL,gate,-3.1940163407679734,0.0014508997151613434
0.05,hdfcbank,ewma,-1.1524299056985585,0.24944381449210487
0.05,hdfcbank,garch_t,-0.2976082247326423,0.7660693853787441
0.05,hdfcbank,egarch_t,-1.6455466539416819,0.10019870075276507
0.05,hdfcbank,gjr_t,-1.8088168242810312,0.07080581477613257
0.05,hdfcbank,har,1.522612068379341,0.12819941984151237
0.05,hdfcbank,vix,-2.5176450680571576,0.011983079110494507
0.05,hdfcbank,mean,-0.6434009580633252,0.520124300103558
0.05,hdfcbank,median,-0.9808690119758132,0.32691520440837313
0.05,hdfcbank,min_score,-1.9880098240284854,0.0471066171714946
0.05,hdfcbank,relative_score,-1.8614079391246023,0.06300533923014762
0.05,hdfcbank,previous_best,-1.8958396503589274,0.05829439999368469
0.05,kotakbank,ewma,-2.136629314185967,0.03289141293898207
0.05,kotakbank,garch_t,-0.9481701334384064,0.3432918349521151
0.05,kotakbank,egarch_t,-0.7680360142469209,0.4426628729353103
0.05,kotakbank,gjr_t,-1.512911431128896,0.13064558716920377
0.05,kotakbank,har,1.1812409009631772,0.23781230236164022
0.05,kotakbank,vix,-0.9579553885264098,0.338336922257933
0.05,kotakbank,mean,-0.6217175516976049,0.5342816360176397
0.05,kotakbank,median,-0.9451896419663403,0.34481023162875346
0.05,kotakbank,min_score,0.29132011317348555,0.7708721732045805
0.05,kotakbank,relative_score,0.014335679482211688,0.9885652825492895
0.05,kotakbank,previous_best,-0.21645090063606937,0.8286842781302997
0.05,axisbank,ewma,-2.20404480289326,0.02776819172552794
0.05,axisbank,garch_t,-1.2716941675596702,0.2038031811660461
0.05,axisbank,egarch_t,-2.0131098093620556,0.04439394953863908
0.05,axisbank,gjr_t,-1.7774388675097499,0.07582635625678258
0.05,axisbank,har,-0.836181928858108,0.40326968576509814
0.05,axisbank,vix,-0.27266637473830396,0.785170871992029
0.05,axisbank,mean,-1.052423481598069,0.29288163567949965
0.05,axisbank,median,-0.9895459855521225,0.32265626011991266
0.05,axisbank,min_score,0.2676287404374113,0.7890450923666443
0.05,axisbank,relative_score,0.017863680190746987,0.9857514766274929
0.05,axisbank,previous_best,-0.7562400788606013,0.44969886261551845
0.05,tcs,ewma,0.7261406369762954,0.4679372487364161
0.05,tcs,garch_t,0.8532626120493243,0.3937357805731317
0.05,tcs,egarch_t,0.5457874927871523,0.5853443310141716
0.05,tcs,gjr_t,0.8240539904261267,0.41012245922555585
0.05,tcs,har,2.1490383870120104,0.03189167259756335
0.05,tcs,vix,-1.739018566683198,0.0823659883037621
0.05,tcs,mean,1.8539477828034348,0.06406652987279857
0.05,tcs,median,1.4280779234211687,0.15360880007625985
0.05,tcs,min_score,2.752200857453035,0.006036072749925749
0.05,tcs,relative_score,2.005076191189162,0.04524743933072513
0.05,tcs,previous_best,-0.6427732960326794,0.5205313679935655
0.05,wipro,ewma,0.32133266271741395,0.7480312921633158
0.05,wipro,garch_t,0.3282419536622079,0.7428034194581145
0.05,wipro,egarch_t,0.8275266029291308,0.4081532442714364
0.05,wipro,gjr_t,0.4610912450059267,0.6448421263669329
0.05,wipro,har,0.6282076735539491,0.5300238162842091
0.05,wipro,vix,-3.7644242906442,0.00017751956234668848
0.05,wipro,mean,0.9345237584367831,0.35027899930360956
0.05,wipro,median,0.6814011503339655,0.49578917639867265
0.05,wipro,min_score,-0.5089572572650507,0.6109042209271288
0.05,wipro,relative_score,-0.4443702074835389,0.6568794578955559
0.05,wipro,previous_best,-1.7647769346108846,0.07793301991893219
0.05,hcltech,ewma,-0.7922902581770256,0.4283956950902358
0.05,hcltech,garch_t,-1.4926131268539728,0.13588131765681824
0.05,hcltech,egarch_t,-0.7278956974476926,0.4668626458727407
0.05,hcltech,gjr_t,-1.3195018889710148,0.1873296483213726
0.05,hcltech,har,-0.17657724897678187,0.8598793283996039
0.05,hcltech,vix,-1.9554833789261263,0.050828434397806536
0.05,hcltech,mean,-0.5240274742572343,0.6003856476749442
0.05,hcltech,median,-0.6169844679957376,0.5373976261898039
0.05,hcltech,min_score,-0.45546298504323857,0.6488836634849613
0.05,hcltech,relative_score,0.4470886183304313,0.6549163094591195
0.05,hcltech,previous_best,-0.17657724897678187,0.8598793283996039
0.05,mm,ewma,-1.961230082256146,0.05015380625774071
0.05,mm,garch_t,-1.7156622546788602,0.08656092832020554
0.05,mm,egarch_t,-0.8311300892494414,0.40611602563996535
0.05,mm,gjr_t,-1.3310150356235526,0.18351417319306196
0.05,mm,har,-0.39133990436912447,0.6956367219547923
0.05,mm,vix,-2.095658053224482,0.03638561949225553
0.05,mm,mean,-0.7379749775693714,0.4607180505029934
0.05,mm,median,-0.9291307103979237,0.35306532758683046
0.05,mm,min_score,-0.8053747926858765,0.4208117565590625
0.05,mm,relative_score,-0.18759738950371785,0.8512336832338878
0.05,mm,previous_best,-0.39133990436912447,0.6956367219547923
0.05,eichermot,ewma,-0.48020249042314567,0.6311975690374706
0.05,eichermot,garch_t,-1.5578742096007732,0.11960698203809725
0.05,eichermot,egarch_t,-0.7560025294848775,0.4498412043657251
0.05,eichermot,gjr_t,-1.4283143927078599,0.15354077307529343
0.05,eichermot,har,-0.5619910405381081,0.5742590106036113
0.05,eichermot,vix,1.7715614003442797,0.07679837554375363
0.05,eichermot,mean,0.10744531471532033,0.914459132616715
0.05,eichermot,median,-0.21365789661528195,0.8308611862453431
0.05,eichermot,min_score,0.5711515864490037,0.5680363824529558
0.05,eichermot,relative_score,0.12867364889901098,0.8976440099707153
0.05,eichermot,previous_best,-0.8366341549831543,0.4030154955426245
0.05,heromotoco,ewma,-0.9471262449066262,0.34382315126275054
0.05,heromotoco,garch_t,0.06705759261792398,0.9465504238341853
0.05,heromotoco,egarch_t,0.36553740509537297,0.7147943157531286
0.05,heromotoco,gjr_t,0.8720540392393173,0.38340642012682524
0.05,heromotoco,har,-0.02952628305556046,0.9764512609304136
0.05,heromotoco,vix,-0.4804680157650164,0.6310088658582229
0.05,heromotoco,mean,1.440659802834296,0.1500210469249161
0.05,heromotoco,median,0.793883456762219,0.4274679952944413
0.05,heromotoco,min_score,1.1366149993055628,0.2559952337412279
0.05,heromotoco,relative_score,0.6448877445800539,0.5191607065604587
0.05,heromotoco,previous_best,-1.9157782562117849,0.055703022334286555
0.05,cipla,ewma,-3.257985502715533,0.0011631540337548663
0.05,cipla,garch_t,-1.2635474419407542,0.20671259522068314
0.05,cipla,egarch_t,-1.905490712582054,0.05702780970369755
0.05,cipla,gjr_t,-1.6332959708205244,0.10274891815084197
0.05,cipla,har,0.2639521621416395,0.7918758929829434
0.05,cipla,vix,-0.9830756945553498,0.3258286397294883
0.05,cipla,mean,-1.3088232976954037,0.19092104578075722
0.05,cipla,median,-1.395428961379544,0.16322323957667004
0.05,cipla,min_score,0.10691815562005577,0.9148772194385254
0.05,cipla,relative_score,0.2345539427604103,0.8146071504546213
0.05,cipla,previous_best,0.2639521621416395,0.7918758929829434
0.05,lupin,ewma,-1.8393278883415167,0.06618905859571624
0.05,lupin,garch_t,-3.881123618922919,0.00011139554331664321
0.05,lupin,egarch_t,-4.205272793334754,2.8625189368579074e-05
0.05,lupin,gjr_t,-4.129454429026845,3.9669878956997595e-05
0.05,lupin,har,0.3668147496156625,0.7138415538661779
0.05,lupin,vix,-1.075966145766676,0.28222447408127743
0.05,lupin,mean,-4.081471628347759,4.8638951175962136e-05
0.05,lupin,median,-4.218627477774632,2.7011848011927175e-05
0.05,lupin,min_score,-0.1682664927975174,0.8664106162652286
0.05,lupin,relative_score,0.1645631301167444,0.8693240017580034
0.05,lupin,previous_best,0.3668147496156625,0.7138415538661779
0.05,auropharma,ewma,-2.305967505400397,0.021334015456437826
0.05,auropharma,garch_t,-3.3320203654263016,0.0008965334275170757
0.05,auropharma,egarch_t,-2.8030637729843835,0.005168386955152529
0.05,auropharma,gjr_t,-2.767038245205137,0.005770283490988489
0.05,auropharma,har,0.540906418699961,0.5887030236555625
0.05,auropharma,vix,1.1276075323300039,0.25977969559497577
0.05,auropharma,mean,-1.448235741193813,0.14789183793266472
0.05,auropharma,median,-2.044589701870282,0.04117949825570481
0.05,auropharma,min_score,-2.148228098537602,0.03195614804553462
0.05,auropharma,relative_score,-2.9847662298010587,0.002913026766015218
0.05,auropharma,previous_best,-1.3482772107110303,0.17790107851972048
0.05,jswsteel,ewma,-0.6288280325142509,0.5296177381547209
0.05,jswsteel,garch_t,-2.691069181445956,0.007251534574600453
0.05,jswsteel,egarch_t,-1.8631406423703334,0.06276095997126989
0.05,jswsteel,gjr_t,-2.0147395443304608,0.04422247731908266
0.05,jswsteel,har,-1.3656046503924506,0.172396859886248
0.05,jswsteel,vix,0.5040287271589026,0.6143618663685322
0.05,jswsteel,mean,-0.8786809339573849,0.37980372618542557
0.05,jswsteel,median,-1.2637137326597574,0.20665290797604716
0.05,jswsteel,min_score,0.13264162893787476,0.8945058127117486
0.05,jswsteel,relative_score,-0.10633159117627239,0.9153424480206838
0.05,jswsteel,previous_best,0.440503094571978,0.6596762513310966
0.05,vedl,ewma,-1.3832537572237031,0.16692301150400038
0.05,vedl,garch_t,-1.215397410019444,0.22452669383365625
0.05,vedl,egarch_t,-0.6669872489242832,0.5049477039861171
0.05,vedl,gjr_t,-1.2931280733978066,0.19629173304680506
0.05,vedl,har,1.4598898826581832,0.14466208499077882
0.05,vedl,vix,-0.8200936767821685,0.41237535568177003
0.05,vedl,mean,0.04642005616832842,0.9629855362780112
0.05,vedl,median,-0.5124368444752868,0.6084684427517568
0.05,vedl,min_score,1.4201412690828545,0.15590570579002783
0.05,vedl,relative_score,1.4598898414142982,0.14466209632555818
0.05,vedl,previous_best,1.4598898826581832,0.14466208499077882
0.05,sail,ewma,-1.5750568896541326,0.11558710626540014
0.05,sail,garch_t,-2.643308947966821,0.00834963943232333
0.05,sail,egarch_t,-1.7844781702343246,0.0746754489794534
0.05,sail,gjr_t,-2.8604260168746123,0.0043264789802693
0.05,sail,har,-0.21995701237305232,0.8259534297225213
0.05,sail,vix,-0.2151789565517156,0.8296754875795052
0.05,sail,mean,-1.5976716825731105,0.11045944532712605
0.05,sail,median,-2.450882765830299,0.0144358141779133
0.05,sail,min_score,0.013420423445015749,0.9892952823905768
0.05,sail,relative_score,-0.8242456319342657,0.4100136378011445
0.05,sail,previous_best,-0.21995701237305232,0.8259534297225213
0.05,britannia,ewma,-1.936822272851986,0.05307296527323332
0.05,britannia,garch_t,-1.7196441104273839,0.08583348332532212
0.05,britannia,egarch_t,-1.9038735099119979,0.057238435407580626
0.05,britannia,gjr_t,-1.779863437824566,0.07542831959324292
0.05,britannia,har,1.52293744,0.12811799475124308
0.05,britannia,vix,-1.7710224837949706,0.07688800882679002
0.05,britannia,mean,-1.201252339524964,0.22996248915417591
0.05,britannia,median,-1.4887362764781993,0.1368995199591117
0.05,britannia,min_score,1.4242685252470253,0.15470784555862188
0.05,britannia,relative_score,1.0712097976771209,0.2843560388268641
0.05,britannia,previous_best,1.52293744,0.12811799475124308
0.05,dabur,ewma,-1.6168161157003382,0.10626078900568975
0.05,dabur,garch_t,-0.32671179625488567,0.7439601895583801
0.05,dabur,egarch_t,-0.4372213962403255,0.662053403013386
0.05,dabur,gjr_t,-0.6306529987218572,0.5284240605348683
0.05,dabur,har,2.7547543863351684,0.0059895574276414365
0.05,dabur,vix,-0.7632254496682347,0.44552461516279773
0.05,dabur,mean,0.009843042259293156,0.9921486493114887
0.05,dabur,median,-0.22722665784666252,0.8202979824795541
0.05,dabur,min_score,2.6039385123774785,0.009364459584691317
0.05,dabur,relative_score,2.448370282796325,0.014536210117724803
0.05,dabur,previous_best,2.7547543863351684,0.0059895574276414365
0.05,marico,ewma,-0.07163096579398269,0.9429111645630882
0.05,marico,garch_t,-3.0570742681646585,0.002299676587948845
0.05,marico,egarch_t,-3.0900333512010367,0.0020615158115364868
0.05,marico,gjr_t,-3.034683634264992,0.0024755969422437635
0.05,marico,har,2.1079073989835186,0.03530897191305373
0.05,marico,vix,-1.108755101243875,0.26782559976009934
0.05,marico,mean,-1.0635657752656948,0.2878045289685617
0.05,marico,median,-1.630418979772106,0.10335525545602665
0.05,marico,min_score,2.2337008358689694,0.02574243798122989
0.05,marico,relative_score,0.8596352781374809,0.3902140601613831
0.05,marico,previous_best,2.094424260548913,0.03649527238232234
0.05,ntpc,ewma,-0.7255156147786066,0.46832027363116935
0.05,ntpc,garch_t,-1.5077326638424515,0.13196626151603555
0.05,ntpc,egarch_t,-2.8451957609151486,0.004536933362059301
0.05,ntpc,gjr_t,-1.7434006892286928,0.08159769709756659
0.05,ntpc,har,1.3079921829073478,0.19120267892237344
0.05,ntpc,vix,-1.9387298583491837,0.052839781385650694
0.05,ntpc,mean,-1.1294241394651099,0.25901334677391263
0.05,ntpc,median,-1.5891327972557756,0.11237398499621895
0.05,ntpc,min_score,0.5001427180444643,0.6170941954169145
0.05,ntpc,relative_score,1.1914676481320823,0.23377732606314033
0.05,ntpc,previous_best,1.3079921829073478,0.19120267892237344
0.05,powergrid,ewma,-1.0092305527161858,0.3131294326507097
0.05,powergrid,garch_t,0.3513037019404883,0.7254409540127675
0.05,powergrid,egarch_t,0.3758347175629961,0.7071264186148057
0.05,powergrid,gjr_t,0.28773155027329206,0.7736170384502427
0.05,powergrid,har,-1.4825416703004173,0.13853867312961327
0.05,powergrid,vix,-2.188173190038446,0.028907869998760338
0.05,powergrid,mean,0.8089023377988481,0.4187804577708655
0.05,powergrid,median,0.6384051572606996,0.5233688554020826
0.05,powergrid,min_score,-0.0418659616196198,0.966614635223957
0.05,powergrid,relative_score,0.19779717869371002,0.8432474477826496
0.05,powergrid,previous_best,-1.5698810284369915,0.11678663816998787
0.05,bpcl,ewma,-0.26150420727185186,0.7937622365542981
0.05,bpcl,garch_t,-0.30392377502083845,0.7612546876947898
0.05,bpcl,egarch_t,0.006337962187408728,0.9949444456948066
0.05,bpcl,gjr_t,-0.12574625570199433,0.8999602587701265
0.05,bpcl,har,-0.8837675161353495,0.37705261019773745
0.05,bpcl,vix,1.0496479311644349,0.29415565832209717
0.05,bpcl,mean,1.0324241049985925,0.30214480461063814
0.05,bpcl,median,0.6581547815146421,0.5106033309664244
0.05,bpcl,min_score,1.5876468437290165,0.11270981838218208
0.05,bpcl,relative_score,0.14093324745695746,0.8879535279543531
0.05,bpcl,previous_best,-0.8837675161353495,0.37705261019773745
0.05,ultracemco,ewma,0.6316458118346499,0.5277752561899105
0.05,ultracemco,garch_t,-1.5937744658631583,0.11133003122407903
0.05,ultracemco,egarch_t,-0.9724298830307575,0.33109232744667216
0.05,ultracemco,gjr_t,-1.3027743203776472,0.19297781248327467
0.05,ultracemco,har,-1.433223521475477,0.15213370200036638
0.05,ultracemco,vix,0.9946321777949766,0.32017671676525744
0.05,ultracemco,mean,-0.058666197543350375,0.9532307232908513
0.05,ultracemco,median,-0.3501803921705202,0.7262834752644206
0.05,ultracemco,min_score,0.7285033819607621,0.4664908876358453
0.05,ultracemco,relative_score,0.5630285437068026,0.5735526288529308
0.05,ultracemco,previous_best,0.3758974314151301,0.7070798088411414
0.05,grasim,ewma,-0.3228289613781755,0.7468981325510083
0.05,grasim,garch_t,-0.3271951363783327,0.7435947308786293
0.05,grasim,egarch_t,-0.12803973643735417,0.8981455087449104
0.05,grasim,gjr_t,-0.44039697516229165,0.6597530669938579
0.05,grasim,har,-1.581453334500488,0.11411812630795466
0.05,grasim,vix,1.898044744341663,0.05800296248582474
0.05,grasim,mean,0.6340185158813221,0.5262263411476902
0.05,grasim,median,0.26870134465070394,0.7882197586931886
0.05,grasim,min_score,0.8467116092046272,0.3973760757998847
0.05,grasim,relative_score,0.9441379848870054,0.34534701570231224
0.05,grasim,previous_best,0.4648006178135471,0.6421842277590849
0.05,ambujacem,ewma,-2.1041298939566966,0.0356379609824334
0.05,ambujacem,garch_t,0.2934519813514282,0.7692428802750977
0.05,ambujacem,egarch_t,0.10322086551912905,0.9178101752470661
0.05,ambujacem,gjr_t,0.5936545362727346,0.5528891223595255
0.05,ambujacem,har,-1.5341231534959021,0.12534315913720623
0.05,ambujacem,vix,-0.9122370039233538,0.3618829431101904
0.05,ambujacem,mean,0.3015838852990899,0.7630374482400734
0.05,ambujacem,median,0.2816214966418265,0.7782970866534821
0.05,ambujacem,min_score,-0.20319637738437238,0.8390264758949656
0.05,ambujacem,relative_score,-0.5139547922124554,0.607407017137281
0.05,ambujacem,previous_best,-0.554974195017047,0.579047211702405
0.05,asianpaint,ewma,-2.607277202914915,0.009274310466924715
0.05,asianpaint,garch_t,-1.6583996206283298,0.09757770409229725
0.05,asianpaint,egarch_t,-0.6181426853411305,0.536634278128252
0.05,asianpaint,gjr_t,-1.0466869862370456,0.29551887741783495
0.05,asianpaint,har,1.2998399789399884,0.19398139775478265
0.05,asianpaint,vix,-1.4927770763992951,0.1358383879639527
0.05,asianpaint,mean,-0.9470562349338925,0.34385880360834115
0.05,asianpaint,median,-0.9567115387601778,0.33896420035266517
0.05,asianpaint,min_score,-0.8237799915622749,0.41027807618922124
0.05,asianpaint,relative_score,-1.2184282262672947,0.2233736376473532
0.05,asianpaint,previous_best,-1.6527395722789786,0.09872506716301375
0.05,upl,ewma,-3.1825701276569194,0.001508721158800784
0.05,upl,garch_t,-3.785781627250304,0.00016315774817068172
0.05,upl,egarch_t,-2.6331001517782466,0.00860285352765051
0.05,upl,gjr_t,-3.6731325991781953,0.0002534201070874508
0.05,upl,har,1.2931846700730871,0.19627181748378109
0.05,upl,vix,-0.8478037049288859,0.39676780637836584
0.05,upl,mean,-2.665380121090635,0.007824890748140386
0.05,upl,median,-3.467762592460356,0.0005491261742732604
0.05,upl,min_score,0.16071716588295057,0.8723514513937235
0.05,upl,relative_score,-0.422063438463522,0.6730773224149805
0.05,upl,previous_best,-0.8478037049288859,0.39676780637836584
0.05,pidilitind,ewma,-0.11360043398078291,0.9095793277496804
0.05,pidilitind,garch_t,0.23772114021792345,0.812150316037341
0.05,pidilitind,egarch_t,0.3468262383490562,0.7288011776777036
0.05,pidilitind,gjr_t,0.3622987887495125,0.7172119689534747
0.05,pidilitind,har,0.5617929504584774,0.5743939266891749
0.05,pidilitind,vix,1.1463022069635367,0.2519681853023964
0.05,pidilitind,mean,1.2308845100518033,0.2186806476873069
0.05,pidilitind,median,1.0106975914295662,0.31242692743037487
0.05,pidilitind,min_score,2.307861045292819,0.021227956320294623
0.05,pidilitind,relative_score,1.6444621442129959,0.10042240346622569
0.05,pidilitind,previous_best,0.67499515338161,0.49984844070774154
0.05,ALL,ewma,-4.146317745501045,3.6916333795967006e-05
0.05,ALL,garch_t,-3.0119733301964007,0.0026667075097172466
0.05,ALL,egarch_t,-2.5717594177828906,0.010274644515149239
0.05,ALL,gjr_t,-3.0213216337313082,0.0025865248738624743
0.05,ALL,har,0.671738192667608,0.5019193891086589
0.05,ALL,vix,-2.9756307925651937,0.003000514855102199
0.05,ALL,mean,-0.7185120292604499,0.47262446418987497
0.05,ALL,median,-1.515802935755966,0.12991343282352255
0.05,ALL,min_score,0.9449835802720636,0.34491590748906853
0.05,ALL,relative_score,0.5316237976922241,0.5951151950140141
0.05,ALL,previous_best,-2.4796120487701487,0.0133310266321425
