alpha,variant,fold,lam,val_loss
0.025,gate_v2,1,0.0,-3.0105580823418077
0.025,gate_v2,1,0.1,-3.012926621040664
0.025,gate_v2,1,1.0,-3.0144821493012763
0.025,gate_v2,1,10.0,-3.01647418109718
0.025,gate_v2,2,0.0,-3.3547560051631446
0.025,gate_v2,2,0.1,-3.345868261406082
0.025,gate_v2,2,1.0,-3.3242611150803807
0.025,gate_v2,2,10.0,-3.323353668575284
0.025,gate_v2,3,0.0,-3.025787327941128
0.025,gate_v2,3,0.1,-3.022221250339294
0.025,gate_v2,3,1.0,-3.018972713772003
0.025,gate_v2,3,10.0,-3.0212820851245903
0.025,gate_v2,4,0.0,-3.311450472352406
0.025,gate_v2,4,0.1,-3.300567600713542
0.025,gate_v2,4,1.0,-3.2892634024643295
0.025,gate_v2,4,10.0,-3.288598208539028
0.025,gate,1,0.0,-2.997404893571051
0.025,gate,1,0.1,-2.9978600663746118
0.025,gate,1,1.0,-2.9997585031792773
0.025,gate,1,10.0,-3.00092072329743
0.025,gate,2,0.0,-3.347449908374001
0.025,gate,2,0.1,-3.341619940879352
0.025,gate,2,1.0,-3.335907440278073
0.025,gate,2,10.0,-3.333278016181176
0.025,gate,3,0.0,-3.009795645767315
0.025,gate,3,0.1,-3.0099104248515705
0.025,gate,3,1.0,-3.008932330838298
0.025,gate,3,10.0,-3.0084487910662103
0.025,gate,4,0.0,-3.320211388675871
0.025,gate,4,0.1,-3.3138714678788963
0.025,gate,4,1.0,-3.310426134325189
0.025,gate,4,10.0,-3.310203345570851
0.01,gate_v2,1,0.0,-2.7645604871213165
0.01,gate_v2,1,0.1,-2.7649685108771673
0.01,gate_v2,1,1.0,-2.7703391911539805
0.01,gate_v2,1,10.0,-2.7741903369313468
0.01,gate_v2,2,0.0,-3.0883927487395866
0.01,gate_v2,2,0.1,-3.0806887103874807
0.01,gate_v2,2,1.0,-3.0573417897751014
0.01,gate_v2,2,10.0,-3.056136075152981
0.01,gate_v2,3,0.0,-2.6989652846596264
0.01,gate_v2,3,0.1,-2.698737915533438
0.01,gate_v2,3,1.0,-2.6971546392853596
0.01,gate_v2,3,10.0,-2.69604905532618
0.01,gate_v2,4,0.0,-3.0831842566232988
0.01,gate_v2,4,0.1,-3.0718843465327477
0.01,gate_v2,4,1.0,-3.058066931983006
0.01,gate_v2,4,10.0,-3.052263186435833
0.05,gate_v2,1,0.0,-3.2064641695590845
0.05,gate_v2,1,0.1,-3.2167314344142794
0.05,gate_v2,1,1.0,-3.214760534861741
0.05,gate_v2,1,10.0,-3.2127706607214166
0.05,gate_v2,2,0.0,-3.570424616955538
0.05,gate_v2,2,0.1,-3.556434800737759
0.05,gate_v2,2,1.0,-3.5456867323340036
0.05,gate_v2,2,10.0,-3.544658302712733
0.05,gate_v2,3,0.0,-3.2691856116139286
0.05,gate_v2,3,0.1,-3.26554220053453
0.05,gate_v2,3,1.0,-3.2649231205351326
0.05,gate_v2,3,10.0,-3.263112844467577
0.05,gate_v2,4,0.0,-3.4962045106791284
0.05,gate_v2,4,0.1,-3.4903817731379987
0.05,gate_v2,4,1.0,-3.480741385898835
0.05,gate_v2,4,10.0,-3.4805820437124666
