post,expiry,wq_ewma,wq_garch_t,wq_egarch_t,wq_gjr_t,wq_har,wq_vix,g,asset
False,0,0.07418353751233443,0.06921171809887883,0.0740292278889018,0.073737194396336,0.567179148762518,0.1416591733410308,0.9918271755764925,hdfcbank
False,1,0.06577109038666731,0.06495970993989153,0.0653088258687284,0.06666025738429952,0.5436099588162815,0.19369015760413155,1.012021904681551,hdfcbank
True,0,0.014838052768418953,0.01276845747554592,0.03666954401302264,0.022533459853552897,0.7781314326233567,0.13505905326610262,0.9941809185034717,hdfcbank
True,1,0.002121807384380506,0.0015460101857801898,0.011030050606062937,0.005245817469933943,0.7821622491233923,0.1978940652304501,1.0253861693851125,hdfcbank
False,0,0.07825098521945949,0.072000028405733,0.07726553723872197,0.07793834096480527,0.5600946963342427,0.13445041183703738,0.987970309706438,kotakbank
False,1,0.0681729561290505,0.06777223475958125,0.06851320069223132,0.07204177056381203,0.5446720904402833,0.17882774741504145,1.006213347364889,kotakbank
True,0,0.013060403232885577,0.0076435382581478565,0.016413030465622674,0.01302845510021976,0.8334620813794525,0.11639249156367133,0.9904022587780232,kotakbank
True,1,0.004221067908478251,0.003520546047151873,0.0052723670623086175,0.006175951335549424,0.7622458615454857,0.21856420610102598,1.031667695961867,kotakbank
False,0,0.08085197029342658,0.07341708190565381,0.08016129995719955,0.07866850306944571,0.5523990288210934,0.13450211595318076,0.9874167002962944,axisbank
False,1,0.06778187168135161,0.06702708155734963,0.06801795557225425,0.06994210857720275,0.5358607753129712,0.1913702072988704,1.0045799266590527,axisbank
True,0,0.016229449928370856,0.010113374939125813,0.023603744810532335,0.01781282551736289,0.8035972306986513,0.12864337410595664,0.9854620063554227,axisbank
True,1,0.004337441025827955,0.003439858224209613,0.005823546765534441,0.006942884931730309,0.7622605146837814,0.21719575436891614,1.0189709268049447,axisbank
False,0,0.07644250105910676,0.06967686356377266,0.07381903996452742,0.07299446522238352,0.5584713655527566,0.1485957646374528,0.9880919507930044,tcs
False,1,0.06732488586441293,0.06596362523235923,0.06597348013012572,0.06828049415646692,0.5366704921981006,0.19578702241853435,1.006022157275788,tcs
True,0,0.012255083871237535,0.015589790253757247,0.02086481932658742,0.01786257431327781,0.8673302705726692,0.0660974616624705,0.9782245616669264,tcs
True,1,0.00341226878615322,0.0022293018562127647,0.0033985278405221633,0.003923792248515311,0.8783779836655398,0.10865812560305663,1.0033052130237041,tcs
False,0,0.07994666831951497,0.0756591196329191,0.08305535377954419,0.08266839642547008,0.5451893945216565,0.13348106732089493,0.9830513118370044,wipro
False,1,0.06798524089629455,0.06830981083334522,0.06938127352666748,0.07252411877874232,0.5414296633102402,0.18036989265470998,1.0021722284134351,wipro
True,0,0.020266239675315142,0.020235934547296303,0.034838039997214916,0.02535774037928859,0.7731900189182519,0.12611202648263298,0.9853490564699051,wipro
True,1,0.0043210580373093535,0.0033229059185677042,0.005318343734823572,0.0066103944438052,0.8003608282563199,0.18006646960917402,1.0144424049522995,wipro
False,0,0.08169162308127402,0.07754169571024916,0.08454347198048608,0.08501170955527296,0.5232109441515581,0.14800055552115945,0.9890387983183407,hcltech
False,1,0.06830696566538035,0.06891538992600567,0.06987093805924012,0.07406164525495988,0.5312450237053596,0.18760003738905415,1.0054044978229477,hcltech
True,0,0.020087009278462062,0.02474878850587984,0.03566713724630675,0.03084280104593398,0.7895120561299536,0.09914220779346361,0.9842467741192517,hcltech
True,1,0.004366428247229161,0.003115840003977819,0.00765538545669913,0.007782715779223712,0.7950010936287669,0.18207853688410303,1.0087842908852833,hcltech
False,0,0.08458443591665812,0.0808817542633528,0.09133078996201428,0.08994373045630019,0.521761630664716,0.1314976587369583,0.9925747883442568,mm
False,1,0.06837510165975685,0.06862022706685623,0.0700699544474283,0.07287253324705445,0.5419672631088831,0.1780949204700208,1.0079293959993427,mm
True,0,0.025407935063856253,0.019742693700261327,0.04633988959645702,0.03480841157637727,0.7155931841091964,0.15810788595385153,0.9905431181652872,mm
True,1,0.005017197670051785,0.004080730427320898,0.0072784758527772355,0.007845055327691839,0.7378920710421739,0.23788646967998422,1.0238198245871244,mm
False,0,0.08098850034818177,0.07509578514296537,0.08210525891295462,0.08094682332619485,0.5505028025106642,0.13036082975903898,0.9870844086581521,eichermot
False,1,0.06760661023827778,0.06738260052052802,0.06814654140305694,0.07050543182674195,0.5430307428358183,0.18332807317557678,1.0016883097769806,eichermot
True,0,0.016658335208502063,0.013042496642988913,0.03162294120270451,0.0214979196616719,0.8090522134996877,0.10812609378444464,0.9835017405114596,eichermot
True,1,0.003785667776301215,0.0026692540726180793,0.00533024364083501,0.00502446642471563,0.7908457867055133,0.19234458138001656,1.0121539757920726,eichermot
False,0,0.08230999894790239,0.07550869039784343,0.0842600617531115,0.08189074333419834,0.5390907727767497,0.13693973279019445,0.9907014417999471,heromotoco
False,1,0.0679381529156165,0.06697043606483168,0.067852384350294,0.06951759045586033,0.545540754349914,0.18218068186348327,1.0069138539173297,heromotoco
True,0,0.02497993018728254,0.021753954796687007,0.04868769086703276,0.03482354335029319,0.7246305028339671,0.14512437796473712,0.9853641968661098,heromotoco
True,1,0.005519720585371552,0.004942793111635908,0.009734725372867951,0.009293239896647616,0.7669920362886755,0.20351748474480125,1.0141078254383404,heromotoco
False,0,0.07893504091146342,0.07245801320264515,0.07720967492124578,0.07698616629149131,0.5672221161063352,0.12718898856681893,0.9887924394243739,cipla
False,1,0.06793109030943498,0.0673150762354911,0.06792970634770067,0.06994140709749143,0.5450006829006934,0.18188203710918815,1.0054600588553153,cipla
True,0,0.01199726316356613,0.005472330327533004,0.010226509722002498,0.008793320541181975,0.879337067480502,0.08417350876521423,0.9861963088856771,cipla
True,1,0.004768150226637258,0.0039023035038068324,0.005719583849211424,0.008553080042521716,0.7907182310234546,0.18633865135436792,1.026362356631565,cipla
False,0,0.08459535881491409,0.08039218178493208,0.08936913777980962,0.08881289220410613,0.5223971832611519,0.13443324615508592,0.9928988847884965,lupin
False,1,0.06895326589055534,0.06934648758150408,0.0706798403211005,0.07379528134938168,0.534386483150653,0.18283864170680522,1.0087972296727192,lupin
True,0,0.019241447499564614,0.012256426199123522,0.029875420929821848,0.019367267884283817,0.7751781038929632,0.14408133359424288,0.9883296331722998,lupin
True,1,0.004740012928383596,0.003599312008295297,0.005451510414794395,0.00605939421856452,0.7487623263107012,0.23138744411926082,1.022306764518603,lupin
False,0,0.08934157323899593,0.08460389138544315,0.09716059118873138,0.09625778215969391,0.5023299796095793,0.13030618241755626,0.9955462038657202,auropharma
False,1,0.07046813892039734,0.07157461152823794,0.07410140588882337,0.07778973679959993,0.5301417337612981,0.17592437310164302,1.0089227577741846,auropharma
True,0,0.02778937214800362,0.023442658468914447,0.04961665345379791,0.03620406440782316,0.748850171962128,0.1140970795593327,0.9841247602971841,auropharma
True,1,0.00604898634124701,0.00561879494572067,0.008379827547343042,0.009589823554434712,0.7720239897227044,0.1983385778885502,1.0172083298002934,auropharma
False,0,0.08190219917234175,0.07678111167147604,0.08394094807429844,0.08462812293637847,0.5245866960044229,0.1481609221410822,0.9940014094435976,jswsteel
False,1,0.06834012952313977,0.0684817381961836,0.06907257500461055,0.0729825943317174,0.5330175384809092,0.18810542446343928,1.0103775491065614,jswsteel
True,0,0.017837768984064587,0.013054303938358889,0.03432230698324901,0.024141638490176434,0.7146672796951269,0.19597670190902394,0.9905233777719168,jswsteel
True,1,0.005033433745107869,0.004032916023197109,0.006618139509014886,0.007239170585294422,0.7432796797262847,0.23379666041110084,1.0211664690942666,jswsteel
False,0,0.08956743924799092,0.0858065254969758,0.09776578196079365,0.09897566443980399,0.5114056923948077,0.1164788964596277,0.9942850662812245,vedl
False,1,0.06933302713069796,0.07125178600583498,0.0736691203471402,0.07737262313788022,0.5438728105452828,0.1645006328331636,1.0062015272866531,vedl
True,0,0.02011054431731738,0.015401569975615117,0.028194456528337908,0.026900536127265572,0.8505407058882904,0.05885218716317333,0.9821499556391362,vedl
True,1,0.006271869407199194,0.005757890965329076,0.008442988791932511,0.012312014559374708,0.8464054156517412,0.12080982062442323,1.0094411373734204,vedl
False,0,0.09039952093530124,0.08608583661090868,0.1000346390211548,0.10336082270502638,0.5107346356161364,0.10938454511147225,0.989800682411945,sail
False,1,0.06973166671400284,0.07182868287204382,0.07483074884508234,0.07890127020143523,0.5523591933179934,0.15234843804944215,1.0036511157144288,sail
True,0,0.03329737789161812,0.026629824898718398,0.06295285640988797,0.052024110606704074,0.6649030032640367,0.16019282692903442,0.9893049411449771,sail
True,1,0.006854104872195473,0.006839575378787803,0.015043705004897996,0.014702446873949086,0.7571870439154165,0.19937312395475298,1.0133247130818968,sail
False,0,0.07684894685677342,0.07159970109858994,0.07654547311422305,0.07613742992124786,0.5733358289373709,0.12553262007179464,0.9836793188563713,britannia
False,1,0.06728091800650524,0.06671650745575357,0.0672870603495964,0.06944671574941035,0.5539767062181119,0.17529209222062234,0.9989996693558779,britannia
True,0,0.01472315548311997,0.007739559948312048,0.017211564777417174,0.012079176614950919,0.8730889824367347,0.07515756073946504,0.9815205479766347,britannia
True,1,0.004384243190505936,0.0036450386471966753,0.006581720984011211,0.006776406453388556,0.8100669867762073,0.16854560394869017,1.0172634270574095,britannia
False,0,0.08132386858389525,0.07550153305982946,0.08183097738011999,0.08164120520201605,0.5493201600107219,0.13038225576341703,0.9865972425847818,dabur
False,1,0.06727069311804859,0.06692773804173412,0.06782688443675977,0.0698290922391812,0.5475716733105362,0.1805739188537398,0.9997094501875756,dabur
True,0,0.01512223047793311,0.008514850101693602,0.019161394848014372,0.01591219964018304,0.8212316652425693,0.12005765968960633,0.9901058862249162,dabur
True,1,0.004602254080553172,0.0037961075381177027,0.005749249278051256,0.006559115530895122,0.7851723132908967,0.1941209602814859,1.0229110224549929,dabur
False,0,0.08087914085275921,0.074750533803242,0.08223868129716769,0.08039799057893254,0.5489908865779267,0.13274276688997155,0.9823848117052666,marico
False,1,0.06751705738427978,0.06699952485752188,0.06804463101141159,0.06951632164619223,0.5487678969268791,0.1791545681737152,0.9971887609426724,marico
True,0,0.011722921923394303,0.005551952978736079,0.014500275687229376,0.008695780935432442,0.8436313017190454,0.11589776675616209,0.9888238345024044,marico
True,1,0.0034197044076477254,0.0022772261154112754,0.0036337217781167064,0.003741858632663097,0.7930352416887619,0.1938922473773991,1.0242039626137864,marico
False,0,0.08520038144902664,0.07830990794433133,0.0871433502534709,0.08765436579029597,0.53530529745602,0.12638669710685496,0.9911296331970563,ntpc
False,1,0.06818622022857522,0.06758413216530106,0.0686901679673285,0.07112659791216216,0.5501993794428196,0.17421350228381324,1.0055898370414826,ntpc
True,0,0.013863930544807663,0.010236740355668664,0.026032050102610647,0.01588119872730712,0.7939098777509831,0.14007620251862257,0.9887009572827337,ntpc
True,1,0.0024575850020253395,0.001383170973752997,0.0026202558493242686,0.002523906858817641,0.7818803292077519,0.20913475210832774,1.0203338777868272,ntpc
False,0,0.08258846064010113,0.07757785594358153,0.08551653107643928,0.08601104597335804,0.5444942781334583,0.1238118282330615,0.9870870048620993,powergrid
False,1,0.06815608268994061,0.06825294052781278,0.06967791651045217,0.07188181410065746,0.5539009565942566,0.16813028957688014,1.0049581080099919,powergrid
True,0,0.013643926085384343,0.007499898361530138,0.021638005327468436,0.013992027368795812,0.776283156007841,0.1669429868489799,0.9952495528155678,powergrid
True,1,0.004147798243107944,0.0030392084907346953,0.004685575502275151,0.005297461784107079,0.7340903533843421,0.2487396025954329,1.0320442809885186,powergrid
False,0,0.091053682396674,0.0847168084810957,0.09706569462612792,0.09669304918179261,0.5072222619011325,0.12324850341317709,0.9938796307714522,bpcl
False,1,0.0697375581745787,0.06991661210549928,0.07201195806421014,0.07467991173940822,0.5411832247090713,0.17247073520723205,1.0079169249446218,bpcl
True,0,0.025530585367432482,0.018536907284849958,0.04229305667784488,0.03526732736715553,0.7113153138312613,0.1670568094714556,0.9893284827401966,bpcl
True,1,0.005398108912985297,0.004391349472918005,0.007786174367142274,0.00830961361342039,0.7627884588084085,0.21132629482512544,1.01586662880417,bpcl
False,0,0.07872908233564582,0.0722558696869765,0.07766724492224897,0.07659940819758325,0.5480738466876598,0.14667454816988543,0.9878622841520462,ultracemco
False,1,0.06787056158927313,0.06699911636032715,0.06668376827996951,0.069618112685303,0.5403769634387083,0.18845147764641867,1.0056760630839174,ultracemco
True,0,0.01557746535929415,0.011945239770546791,0.02905349814148227,0.020337656778646306,0.7826587810206087,0.14042735892942165,0.9858061988562986,ultracemco
True,1,0.0030760561035347656,0.0018974909295456676,0.0036638008884783304,0.004188054488675977,0.7800895559371295,0.20708504165263555,1.0132035301149716,ultracemco
False,0,0.07876630935065002,0.07141238394624914,0.07780378795849413,0.07585097992795425,0.5504531267757391,0.14571341204091312,0.9881094738526698,grasim
False,1,0.06752926399748983,0.06640896537181983,0.0671705121937877,0.06882381094517295,0.5394437547026727,0.1906236927890568,1.0064709394681448,grasim
True,0,0.018941062047956994,0.014489398503807536,0.03717261326469194,0.02456788574809298,0.7034661074894037,0.2013629329460466,0.9893239933540953,grasim
True,1,0.004603726664538775,0.0037532791535279564,0.005783496282593919,0.00699255302514636,0.729107888196049,0.24975905667814377,1.0204791193741356,grasim
False,0,0.09214282838073282,0.08512755894820802,0.09518335695123491,0.10034310994416651,0.4915738634165329,0.13562928235912464,0.9979983043515135,ambujacem
False,1,0.06841868820184878,0.07076732603337667,0.07091173924654251,0.07699349985566432,0.5339826366862902,0.17892610997627725,1.0111886421204381,ambujacem
True,0,0.022486051857881204,0.016588834320014522,0.04082505941749697,0.03444507374378212,0.644397591119834,0.241257389540991,1.0006858015276512,ambujacem
True,1,0.005158744985844163,0.004579204302674435,0.01243203582019216,0.01100488367748181,0.6677495873788023,0.29907554383500495,1.0343080122000876,ambujacem
False,0,0.07818935243285263,0.07198576712079212,0.07810249526307946,0.07701540492706785,0.5361756799657996,0.1585313002904081,0.9883503155123592,asianpaint
False,1,0.06689641486321615,0.06628885763062048,0.06702007511594253,0.06860535107562767,0.5291464793787711,0.20204282193582185,1.007042036056865,asianpaint
True,0,0.01384817515923526,0.008615166525611942,0.023478334142247488,0.01642179043421731,0.7520963578211047,0.18554017591758304,0.9947512508083095,asianpaint
True,1,0.004044197832776757,0.002785168708514502,0.004543301921610488,0.004959843818948031,0.7692670110522634,0.21440047666588674,1.029397790323449,asianpaint
False,0,0.09023492846351677,0.08477940833645584,0.09684943097851122,0.09684920502134632,0.492444003605397,0.1388430235947726,0.9944958204135294,upl
False,1,0.06908592073757719,0.06921028410808922,0.07075636674031784,0.07358620376921099,0.5312923952217041,0.18606882942310038,1.0089299657751865,upl
True,0,0.02281896830249339,0.018817888427373895,0.02825425262381526,0.028728011988814483,0.7494653279098453,0.15191555074765742,0.9909745444639199,upl
True,1,0.006374756104928699,0.020962858296626016,0.027931992664785996,0.052420359442215375,0.6996086100900756,0.1927014234013682,1.0230076911305082,upl
False,0,0.07864492261278389,0.07177832496378801,0.07801333091068867,0.07639033000247507,0.5590331331883815,0.13613995832188258,0.9858567991395123,pidilitind
False,1,0.0671701409058194,0.06609763632748202,0.06681150180114845,0.0681497908104491,0.5437682531949873,0.18800267696011344,1.0018359095776868,pidilitind
True,0,0.012777323604456584,0.00815857175201665,0.02259464093490932,0.014722526902437812,0.7988579865281235,0.1428889502780559,0.9898400636055456,pidilitind
True,1,0.0040347934893251915,0.003084636527450035,0.006988698333907027,0.006348469707719315,0.7728786163469942,0.20666478559460405,1.0270062754525837,pidilitind
