method,FZ0 a=0.01,FZ0 a=0.025,FZ0 a=0.05,MCS p (2.5%),DM gate_v2 vs (2.5%),DM p (2.5%)
har,-2.9166181095251136,-3.1808255228389246,-3.394755917441308,1.0,1.1127907295694996,0.26608962441271655
min_score,-2.906453037330517,-3.1799465719541757,-3.3954149734472634,0.93,0.8278330290105951,0.407980218090411
relative_score,-2.902745218252415,-3.178698062989973,-3.393868126049494,0.8355,0.7146664096558076,0.4749968897483209
mean,-2.9105965890607814,-3.17516442417517,-3.3880753802929613,0.756,0.12028182455465562,0.9042862207695967
gate_v2,-2.9037129332098557,-3.1742554127581792,-3.3920176055561857,0.756,,
median,-2.9027212308346484,-3.1692120088235143,-3.382479055140983,0.007,-0.6164697865701368,0.5377373455299563
previous_best,-2.8687425487050326,-3.168334134373734,-3.382233214906898,0.103,-0.7619882786767712,0.4462627210172695
egarch_t,-2.883996197896059,-3.156037301694682,-3.3730184251728392,0.0,-2.0760183556649863,0.03817009350551649
gjr_t,-2.8913091451612614,-3.1557927405147312,-3.368823290371781,0.0025,-1.9838777429017411,0.04756696003449434
garch_t,-2.8959342963909243,-3.1557896991926104,-3.3695468745850583,0.0005,-1.924471734482266,0.05460429600631377
gate,,-3.146024738989111,,0.007,-3.1940163407679734,0.0014508997151613434
ewma,-2.8698413310184407,-3.1455400921875816,-3.362310799044576,0.0,-2.743004576304874,0.006206565085394662
vix,-2.849637105502196,-3.1328314773375583,-3.3606649695257533,0.0035,-2.755373185693545,0.005978587589549867
