alpha,asset,method,pvalue,in_mcs
0.01,hdfcbank,ewma,0.514,True
0.01,hdfcbank,garch_t,0.6495,True
0.01,hdfcbank,egarch_t,0.12,True
0.01,hdfcbank,gjr_t,0.02,False
0.01,hdfcbank,har,1.0,True
0.01,hdfcbank,vix,0.255,True
0.01,hdfcbank,mean,0.487,True
0.01,hdfcbank,median,0.2685,True
0.01,hdfcbank,min_score,0.487,True
0.01,hdfcbank,relative_score,0.3445,True
0.01,hdfcbank,previous_best,0.255,True
0.01,hdfcbank,gate_v2,0.514,True
0.01,kotakbank,ewma,0.7155,True
0.01,kotakbank,garch_t,1.0,True
0.01,kotakbank,egarch_t,0.719,True
0.01,kotakbank,gjr_t,0.5325,True
0.01,kotakbank,har,0.719,True
0.01,kotakbank,vix,0.7155,True
0.01,kotakbank,mean,0.719,True
0.01,kotakbank,median,0.7155,True
0.01,kotakbank,min_score,0.719,True
0.01,kotakbank,relative_score,0.7155,True
0.01,kotakbank,previous_best,0.6585,True
0.01,kotakbank,gate_v2,0.6585,True
0.01,axisbank,ewma,0.351,True
0.01,axisbank,garch_t,0.9735,True
0.01,axisbank,egarch_t,0.351,True
0.01,axisbank,gjr_t,0.963,True
0.01,axisbank,har,0.9735,True
0.01,axisbank,vix,0.896,True
0.01,axisbank,mean,0.963,True
0.01,axisbank,median,0.9735,True
0.01,axisbank,min_score,1.0,True
0.01,axisbank,relative_score,0.903,True
0.01,axisbank,previous_best,0.896,True
0.01,axisbank,gate_v2,0.8705,True
0.01,tcs,ewma,0.8255,True
0.01,tcs,garch_t,0.8255,True
0.01,tcs,egarch_t,0.8255,True
0.01,tcs,gjr_t,0.8255,True
0.01,tcs,har,1.0,True
0.01,tcs,vix,0.544,True
0.01,tcs,mean,0.8255,True
0.01,tcs,median,0.566,True
0.01,tcs,min_score,0.8255,True
0.01,tcs,relative_score,0.8255,True
0.01,tcs,previous_best,0.8255,True
0.01,tcs,gate_v2,0.8255,True
0.01,wipro,ewma,0.9735,True
0.01,wipro,garch_t,0.9735,True
0.01,wipro,egarch_t,0.9735,True
0.01,wipro,gjr_t,0.8595,True
0.01,wipro,har,1.0,True
0.01,wipro,vix,0.3175,True
0.01,wipro,mean,0.9735,True
0.01,wipro,median,0.9735,True
0.01,wipro,min_score,0.5565,True
0.01,wipro,relative_score,0.9735,True
0.01,wipro,previous_best,0.673,True
0.01,wipro,gate_v2,0.396,True
0.01,hcltech,ewma,0.0325,False
0.01,hcltech,garch_t,0.0945,False
0.01,hcltech,egarch_t,0.432,True
0.01,hcltech,gjr_t,0.2105,True
0.01,hcltech,har,1.0,True
0.01,hcltech,vix,0.605,True
0.01,hcltech,mean,0.605,True
0.01,hcltech,median,0.4585,True
0.01,hcltech,min_score,0.809,True
0.01,hcltech,relative_score,0.809,True
0.01,hcltech,previous_best,0.809,True
0.01,hcltech,gate_v2,0.809,True
0.01,mm,ewma,0.2525,True
0.01,mm,garch_t,0.2545,True
0.01,mm,egarch_t,0.0065,False
0.01,mm,gjr_t,0.0065,False
0.01,mm,har,0.946,True
0.01,mm,vix,0.7355,True
0.01,mm,mean,0.7355,True
0.01,mm,median,0.0075,False
0.01,mm,min_score,1.0,True
0.01,mm,relative_score,0.7355,True
0.01,mm,previous_best,0.946,True
0.01,mm,gate_v2,0.946,True
0.01,eichermot,ewma,0.631,True
0.01,eichermot,garch_t,0.021,False
0.01,eichermot,egarch_t,0.001,False
0.01,eichermot,gjr_t,0.0,False
0.01,eichermot,har,1.0,True
0.01,eichermot,vix,0.801,True
0.01,eichermot,mean,0.4005,True
0.01,eichermot,median,0.194,True
0.01,eichermot,min_score,0.801,True
0.01,eichermot,relative_score,0.7635,True
0.01,eichermot,previous_best,0.801,True
0.01,eichermot,gate_v2,0.07,False
0.01,heromotoco,ewma,0.0935,False
0.01,heromotoco,garch_t,0.095,False
0.01,heromotoco,egarch_t,0.001,False
0.01,heromotoco,gjr_t,0.095,False
0.01,heromotoco,har,0.492,True
0.01,heromotoco,vix,0.492,True
0.01,heromotoco,mean,0.1775,True
0.01,heromotoco,median,0.095,False
0.01,heromotoco,min_score,1.0,True
0.01,heromotoco,relative_score,0.0455,False
0.01,heromotoco,previous_best,0.0935,False
0.01,heromotoco,gate_v2,0.1775,True
0.01,cipla,ewma,0.177,True
0.01,cipla,garch_t,0.9865,True
0.01,cipla,egarch_t,0.957,True
0.01,cipla,gjr_t,0.9865,True
0.01,cipla,har,0.9865,True
0.01,cipla,vix,0.7765,True
0.01,cipla,mean,0.9865,True
0.01,cipla,median,0.86,True
0.01,cipla,min_score,0.9865,True
0.01,cipla,relative_score,0.5285,True
0.01,cipla,previous_best,0.9865,True
0.01,cipla,gate_v2,1.0,True
0.01,lupin,ewma,0.2905,True
0.01,lupin,garch_t,0.9825,True
0.01,lupin,egarch_t,0.9825,True
0.01,lupin,gjr_t,1.0,True
0.01,lupin,har,0.9825,True
0.01,lupin,vix,0.8505,True
0.01,lupin,mean,0.583,True
0.01,lupin,median,0.979,True
0.01,lupin,min_score,0.979,True
0.01,lupin,relative_score,0.8885,True
0.01,lupin,previous_best,0.9825,True
0.01,lupin,gate_v2,0.9825,True
0.01,auropharma,ewma,0.949,True
0.01,auropharma,garch_t,0.1335,True
0.01,auropharma,egarch_t,0.634,True
0.01,auropharma,gjr_t,0.06,False
0.01,auropharma,har,0.949,True
0.01,auropharma,vix,1.0,True
0.01,auropharma,mean,0.949,True
0.01,auropharma,median,0.949,True
0.01,auropharma,min_score,0.634,True
0.01,auropharma,relative_score,0.814,True
0.01,auropharma,previous_best,0.949,True
0.01,auropharma,gate_v2,0.949,True
0.01,jswsteel,ewma,0.475,True
0.01,jswsteel,garch_t,0.046,False
0.01,jswsteel,egarch_t,0.0,False
0.01,jswsteel,gjr_t,0.187,True
0.01,jswsteel,har,0.4465,True
0.01,jswsteel,vix,1.0,True
0.01,jswsteel,mean,0.4465,True
0.01,jswsteel,median,0.093,False
0.01,jswsteel,min_score,0.093,False
0.01,jswsteel,relative_score,0.4465,True
0.01,jswsteel,previous_best,1.0,True
0.01,jswsteel,gate_v2,0.4465,True
0.01,vedl,ewma,0.8905,True
0.01,vedl,garch_t,1.0,True
0.01,vedl,egarch_t,0.9915,True
0.01,vedl,gjr_t,0.9915,True
0.01,vedl,har,0.9915,True
0.01,vedl,vix,0.99,True
0.01,vedl,mean,0.9915,True
0.01,vedl,median,0.9915,True
0.01,vedl,min_score,0.8905,True
0.01,vedl,relative_score,0.989,True
0.01,vedl,previous_best,0.9915,True
0.01,vedl,gate_v2,0.913,True
0.01,sail,ewma,0.463,True
0.01,sail,garch_t,0.06,False
0.01,sail,egarch_t,0.2355,True
0.01,sail,gjr_t,0.056,False
0.01,sail,har,0.6915,True
0.01,sail,vix,0.6915,True
0.01,sail,mean,0.445,True
0.01,sail,median,0.1395,True
0.01,sail,min_score,1.0,True
0.01,sail,relative_score,0.445,True
0.01,sail,previous_best,0.1205,True
0.01,sail,gate_v2,0.308,True
0.01,britannia,ewma,0.347,True
0.01,britannia,garch_t,0.3535,True
0.01,britannia,egarch_t,0.4505,True
0.01,britannia,gjr_t,0.4505,True
0.01,britannia,har,1.0,True
0.01,britannia,vix,0.317,True
0.01,britannia,mean,0.3635,True
0.01,britannia,median,0.3535,True
0.01,britannia,min_score,0.4505,True
0.01,britannia,relative_score,0.2885,True
0.01,britannia,previous_best,0.3535,True
0.01,britannia,gate_v2,0.1025,True
0.01,dabur,ewma,0.0275,False
0.01,dabur,garch_t,0.995,True
0.01,dabur,egarch_t,0.995,True
0.01,dabur,gjr_t,0.995,True
0.01,dabur,har,1.0,True
0.01,dabur,vix,0.3465,True
0.01,dabur,mean,0.994,True
0.01,dabur,median,0.946,True
0.01,dabur,min_score,0.946,True
0.01,dabur,relative_score,0.995,True
0.01,dabur,previous_best,1.0,True
0.01,dabur,gate_v2,0.2205,True
0.01,marico,ewma,0.885,True
0.01,marico,garch_t,0.885,True
0.01,marico,egarch_t,0.0,False
0.01,marico,gjr_t,0.885,True
0.01,marico,har,0.9095,True
0.01,marico,vix,1.0,True
0.01,marico,mean,0.9095,True
0.01,marico,median,0.002,False
0.01,marico,min_score,0.9095,True
0.01,marico,relative_score,0.891,True
0.01,marico,previous_best,0.9095,True
0.01,marico,gate_v2,0.9095,True
0.01,ntpc,ewma,1.0,True
0.01,ntpc,garch_t,0.062,False
0.01,ntpc,egarch_t,0.0095,False
0.01,ntpc,gjr_t,0.0405,False
0.01,ntpc,har,0.4325,True
0.01,ntpc,vix,0.4325,True
0.01,ntpc,mean,0.1745,True
0.01,ntpc,median,0.0595,False
0.01,ntpc,min_score,0.4325,True
0.01,ntpc,relative_score,0.4325,True
0.01,ntpc,previous_best,0.243,True
0.01,ntpc,gate_v2,0.0005,False
0.01,powergrid,ewma,0.876,True
0.01,powergrid,garch_t,1.0,True
0.01,powergrid,egarch_t,0.4925,True
0.01,powergrid,gjr_t,0.917,True
0.01,powergrid,har,0.4925,True
0.01,powergrid,vix,0.3415,True
0.01,powergrid,mean,0.9255,True
0.01,powergrid,median,0.9255,True
0.01,powergrid,min_score,0.876,True
0.01,powergrid,relative_score,0.876,True
0.01,powergrid,previous_best,0.876,True
0.01,powergrid,gate_v2,0.65,True
0.01,bpcl,ewma,0.0865,False
0.01,bpcl,garch_t,0.436,True
0.01,bpcl,egarch_t,0.333,True
0.01,bpcl,gjr_t,0.4735,True
0.01,bpcl,har,0.4735,True
0.01,bpcl,vix,1.0,True
0.01,bpcl,mean,0.4735,True
0.01,bpcl,median,0.4735,True
0.01,bpcl,min_score,0.6065,True
0.01,bpcl,relative_score,0.1035,True
0.01,bpcl,previous_best,0.128,True
0.01,bpcl,gate_v2,0.4735,True
0.01,ultracemco,ewma,0.239,True
0.01,ultracemco,garch_t,0.0015,False
0.01,ultracemco,egarch_t,0.016,False
0.01,ultracemco,gjr_t,0.0015,False
0.01,ultracemco,har,0.226,True
0.01,ultracemco,vix,1.0,True
0.01,ultracemco,mean,0.0115,False
0.01,ultracemco,median,0.0115,False
0.01,ultracemco,min_score,0.226,True
0.01,ultracemco,relative_score,0.0355,False
0.01,ultracemco,previous_best,1.0,True
0.01,ultracemco,gate_v2,0.113,True
0.01,grasim,ewma,0.6555,True
0.01,grasim,garch_t,0.544,True
0.01,grasim,egarch_t,0.6555,True
0.01,grasim,gjr_t,0.655,True
0.01,grasim,har,0.6555,True
0.01,grasim,vix,1.0,True
0.01,grasim,mean,0.6555,True
0.01,grasim,median,0.6555,True
0.01,grasim,min_score,0.6555,True
0.01,grasim,relative_score,0.6555,True
0.01,grasim,previous_best,1.0,True
0.01,grasim,gate_v2,0.6555,True
0.01,ambujacem,ewma,0.1385,True
0.01,ambujacem,garch_t,0.8965,True
0.01,ambujacem,egarch_t,0.5405,True
0.01,ambujacem,gjr_t,1.0,True
0.01,ambujacem,har,0.479,True
0.01,ambujacem,vix,0.743,True
0.01,ambujacem,mean,0.7665,True
0.01,ambujacem,median,0.5405,True
0.01,ambujacem,min_score,0.593,True
0.01,ambujacem,relative_score,0.554,True
0.01,ambujacem,previous_best,0.5405,True
0.01,ambujacem,gate_v2,0.8735,True
0.01,asianpaint,ewma,0.0195,False
0.01,asianpaint,garch_t,0.0445,False
0.01,asianpaint,egarch_t,0.244,True
0.01,asianpaint,gjr_t,0.244,True
0.01,asianpaint,har,1.0,True
0.01,asianpaint,vix,0.244,True
0.01,asianpaint,mean,0.081,False
0.01,asianpaint,median,0.0585,False
0.01,asianpaint,min_score,0.413,True
0.01,asianpaint,relative_score,0.413,True
0.01,asianpaint,previous_best,0.244,True
0.01,asianpaint,gate_v2,0.7335,True
0.01,upl,ewma,0.121,True
0.01,upl,garch_t,0.0585,False
0.01,upl,egarch_t,0.0925,False
0.01,upl,gjr_t,0.099,False
0.01,upl,har,1.0,True
0.01,upl,vix,0.185,True
0.01,upl,mean,0.121,True
0.01,upl,median,0.0925,False
0.01,upl,min_score,0.5535,True
0.01,upl,relative_score,0.3825,True
0.01,upl,previous_best,0.185,True
0.01,upl,gate_v2,0.181,True
0.01,pidilitind,ewma,0.924,True
0.01,pidilitind,garch_t,0.7185,True
0.01,pidilitind,egarch_t,0.8425,True
0.01,pidilitind,gjr_t,0.986,True
0.01,pidilitind,har,0.5395,True
0.01,pidilitind,vix,0.924,True
0.01,pidilitind,mean,0.9265,True
0.01,pidilitind,median,1.0,True
0.01,pidilitind,min_score,0.778,True
0.01,pidilitind,relative_score,0.9265,True
0.01,pidilitind,previous_best,0.924,True
0.01,pidilitind,gate_v2,0.5805,True
0.01,ALL,ewma,0.0,False
0.01,ALL,garch_t,0.0695,False
0.01,ALL,egarch_t,0.0,False
0.01,ALL,gjr_t,0.0095,False
0.01,ALL,har,1.0,True
0.01,ALL,vix,0.0085,False
0.01,ALL,mean,0.78,True
0.01,ALL,median,0.0065,False
0.01,ALL,min_score,0.78,True
0.01,ALL,relative_score,0.6015,True
0.01,ALL,previous_best,0.026,False
0.01,ALL,gate_v2,0.5475,True
0.025,hdfcbank,ewma,0.4225,True
0.025,hdfcbank,garch_t,0.4225,True
0.025,hdfcbank,egarch_t,0.2865,True
0.025,hdfcbank,gjr_t,0.1275,True
0.025,hdfcbank,har,1.0,True
0.025,hdfcbank,vix,0.1315,True
0.025,hdfcbank,mean,0.4225,True
0.025,hdfcbank,median,0.4225,True
0.025,hdfcbank,min_score,0.279,True
0.025,hdfcbank,relative_score,0.279,True
0.025,hdfcbank,previous_best,0.2105,True
0.025,hdfcbank,gate,0.353,True
0.025,hdfcbank,gate_v2,0.353,True
0.025,kotakbank,ewma,0.1955,True
0.025,kotakbank,garch_t,0.774,True
0.025,kotakbank,egarch_t,0.774,True
0.025,kotakbank,gjr_t,0.1135,True
0.025,kotakbank,har,1.0,True
0.025,kotakbank,vix,0.5395,True
0.025,kotakbank,mean,0.774,True
0.025,kotakbank,median,0.774,True
0.025,kotakbank,min_score,0.774,True
0.025,kotakbank,relative_score,0.7415,True
0.025,kotakbank,previous_best,0.43,True
0.025,kotakbank,gate,0.121,True
0.025,kotakbank,gate_v2,0.43,True
0.025,axisbank,ewma,0.348,True
0.025,axisbank,garch_t,0.466,True
0.025,axisbank,egarch_t,0.108,True
0.025,axisbank,gjr_t,0.348,True
0.025,axisbank,har,0.8405,True
0.025,axisbank,vix,0.681,True
0.025,axisbank,mean,0.3945,True
0.025,axisbank,median,0.466,True
0.025,axisbank,min_score,1.0,True
0.025,axisbank,relative_score,0.59,True
0.025,axisbank,previous_best,0.681,True
0.025,axisbank,gate,0.348,True
0.025,axisbank,gate_v2,0.8405,True
0.025,tcs,ewma,0.824,True
0.025,tcs,garch_t,0.7995,True
0.025,tcs,egarch_t,0.7165,True
0.025,tcs,gjr_t,0.824,True
0.025,tcs,har,1.0,True
0.025,tcs,vix,0.535,True
0.025,tcs,mean,0.824,True
0.025,tcs,median,0.824,True
0.025,tcs,min_score,0.824,True
0.025,tcs,relative_score,0.824,True
0.025,tcs,previous_best,0.7995,True
0.025,tcs,gate,0.7995,True
0.025,tcs,gate_v2,0.5635,True
0.025,wipro,ewma,0.6065,True
0.025,wipro,garch_t,0.8435,True
0.025,wipro,egarch_t,0.929,True
0.025,wipro,gjr_t,0.929,True
0.025,wipro,har,0.929,True
0.025,wipro,vix,0.052,False
0.025,wipro,mean,1.0,True
0.025,wipro,median,0.929,True
0.025,wipro,min_score,0.744,True
0.025,wipro,relative_score,0.849,True
0.025,wipro,previous_best,0.158,True
0.025,wipro,gate,0.929,True
0.025,wipro,gate_v2,0.8435,True
0.025,hcltech,ewma,0.816,True
0.025,hcltech,garch_t,0.287,True
0.025,hcltech,egarch_t,0.829,True
0.025,hcltech,gjr_t,0.642,True
0.025,hcltech,har,0.968,True
0.025,hcltech,vix,0.7015,True
0.025,hcltech,mean,0.85,True
0.025,hcltech,median,0.85,True
0.025,hcltech,min_score,0.962,True
0.025,hcltech,relative_score,0.968,True
0.025,hcltech,previous_best,0.968,True
0.025,hcltech,gate,0.829,True
0.025,hcltech,gate_v2,1.0,True
0.025,mm,ewma,0.393,True
0.025,mm,garch_t,0.061,False
0.025,mm,egarch_t,0.439,True
0.025,mm,gjr_t,0.128,True
0.025,mm,har,0.983,True
0.025,mm,vix,0.439,True
0.025,mm,mean,0.575,True
0.025,mm,median,0.439,True
0.025,mm,min_score,0.983,True
0.025,mm,relative_score,0.983,True
0.025,mm,previous_best,0.983,True
0.025,mm,gate,0.575,True
0.025,mm,gate_v2,1.0,True
0.025,eichermot,ewma,0.5525,True
0.025,eichermot,garch_t,0.0,False
0.025,eichermot,egarch_t,0.0025,False
0.025,eichermot,gjr_t,0.0,False
0.025,eichermot,har,0.884,True
0.025,eichermot,vix,1.0,True
0.025,eichermot,mean,0.4205,True
0.025,eichermot,median,0.0505,False
0.025,eichermot,min_score,0.884,True
0.025,eichermot,relative_score,0.884,True
0.025,eichermot,previous_best,0.884,True
0.025,eichermot,gate,0.4205,True
0.025,eichermot,gate_v2,0.5525,True
0.025,heromotoco,ewma,0.394,True
0.025,heromotoco,garch_t,0.3945,True
0.025,heromotoco,egarch_t,0.394,True
0.025,heromotoco,gjr_t,0.8505,True
0.025,heromotoco,har,0.477,True
0.025,heromotoco,vix,0.588,True
0.025,heromotoco,mean,0.8505,True
0.025,heromotoco,median,0.6895,True
0.025,heromotoco,min_score,1.0,True
0.025,heromotoco,relative_score,0.6895,True
0.025,heromotoco,previous_best,0.477,True
0.025,heromotoco,gate,0.1625,True
0.025,heromotoco,gate_v2,0.0495,False
0.025,cipla,ewma,0.0695,False
0.025,cipla,garch_t,0.9575,True
0.025,cipla,egarch_t,0.3675,True
0.025,cipla,gjr_t,0.863,True
0.025,cipla,har,0.9665,True
0.025,cipla,vix,0.9575,True
0.025,cipla,mean,0.9575,True
0.025,cipla,median,0.9575,True
0.025,cipla,min_score,0.935,True
0.025,cipla,relative_score,0.7885,True
0.025,cipla,previous_best,0.9665,True
0.025,cipla,gate,0.9575,True
0.025,cipla,gate_v2,1.0,True
0.025,lupin,ewma,0.2685,True
0.025,lupin,garch_t,0.071,False
0.025,lupin,egarch_t,0.07,False
0.025,lupin,gjr_t,0.0865,False
0.025,lupin,har,0.8805,True
0.025,lupin,vix,0.7905,True
0.025,lupin,mean,0.017,False
0.025,lupin,median,0.012,False
0.025,lupin,min_score,0.3795,True
0.025,lupin,relative_score,0.228,True
0.025,lupin,previous_best,0.8805,True
0.025,lupin,gate,1.0,True
0.025,lupin,gate_v2,0.7905,True
0.025,auropharma,ewma,0.722,True
0.025,auropharma,garch_t,0.0575,False
0.025,auropharma,egarch_t,0.533,True
0.025,auropharma,gjr_t,0.095,False
0.025,auropharma,har,0.881,True
0.025,auropharma,vix,1.0,True
0.025,auropharma,mean,0.8325,True
0.025,auropharma,median,0.765,True
0.025,auropharma,min_score,0.368,True
0.025,auropharma,relative_score,0.533,True
0.025,auropharma,previous_best,0.539,True
0.025,auropharma,gate,0.881,True
0.025,auropharma,gate_v2,0.8535,True
0.025,jswsteel,ewma,0.786,True
0.025,jswsteel,garch_t,0.061,False
0.025,jswsteel,egarch_t,0.0025,False
0.025,jswsteel,gjr_t,0.177,True
0.025,jswsteel,har,0.774,True
0.025,jswsteel,vix,1.0,True
0.025,jswsteel,mean,0.774,True
0.025,jswsteel,median,0.557,True
0.025,jswsteel,min_score,0.786,True
0.025,jswsteel,relative_score,0.557,True
0.025,jswsteel,previous_best,1.0,True
0.025,jswsteel,gate,0.774,True
0.025,jswsteel,gate_v2,0.774,True
0.025,vedl,ewma,0.868,True
0.025,vedl,garch_t,0.595,True
0.025,vedl,egarch_t,0.868,True
0.025,vedl,gjr_t,0.8335,True
0.025,vedl,har,1.0,True
0.025,vedl,vix,0.8345,True
0.025,vedl,mean,0.868,True
0.025,vedl,median,0.868,True
0.025,vedl,min_score,0.336,True
0.025,vedl,relative_score,0.868,True
0.025,vedl,previous_best,1.0,True
0.025,vedl,gate,0.868,True
0.025,vedl,gate_v2,0.7185,True
0.025,sail,ewma,0.4855,True
0.025,sail,garch_t,0.173,True
0.025,sail,egarch_t,0.4015,True
0.025,sail,gjr_t,0.1285,True
0.025,sail,har,0.9115,True
0.025,sail,vix,0.9115,True
0.025,sail,mean,0.4855,True
0.025,sail,median,0.209,True
0.025,sail,min_score,1.0,True
0.025,sail,relative_score,0.4855,True
0.025,sail,previous_best,0.9115,True
0.025,sail,gate,0.6045,True
0.025,sail,gate_v2,0.5755,True
0.025,britannia,ewma,0.1925,True
0.025,britannia,garch_t,0.1275,True
0.025,britannia,egarch_t,0.1275,True
0.025,britannia,gjr_t,0.1275,True
0.025,britannia,har,1.0,True
0.025,britannia,vix,0.1485,True
0.025,britannia,mean,0.1925,True
0.025,britannia,median,0.1485,True
0.025,britannia,min_score,0.2745,True
0.025,britannia,relative_score,0.0465,False
0.025,britannia,previous_best,1.0,True
0.025,britannia,gate,0.049,False
0.025,britannia,gate_v2,0.0335,False
0.025,dabur,ewma,0.0585,False
0.025,dabur,garch_t,0.939,True
0.025,dabur,egarch_t,0.846,True
0.025,dabur,gjr_t,0.617,True
0.025,dabur,har,1.0,True
0.025,dabur,vix,0.548,True
0.025,dabur,mean,0.939,True
0.025,dabur,median,0.846,True
0.025,dabur,min_score,0.939,True
0.025,dabur,relative_score,0.846,True
0.025,dabur,previous_best,1.0,True
0.025,dabur,gate,0.033,False
0.025,dabur,gate_v2,0.108,True
0.025,marico,ewma,0.9705,True
0.025,marico,garch_t,0.074,False
0.025,marico,egarch_t,0.001,False
0.025,marico,gjr_t,0.074,False
0.025,marico,har,0.987,True
0.025,marico,vix,0.987,True
0.025,marico,mean,0.2265,True
0.025,marico,median,0.039,False
0.025,marico,min_score,0.987,True
0.025,marico,relative_score,0.33,True
0.025,marico,previous_best,0.987,True
0.025,marico,gate,1.0,True
0.025,marico,gate_v2,0.987,True
0.025,ntpc,ewma,0.859,True
0.025,ntpc,garch_t,0.449,True
0.025,ntpc,egarch_t,0.001,False
0.025,ntpc,gjr_t,0.106,True
0.025,ntpc,har,1.0,True
0.025,ntpc,vix,0.2515,True
0.025,ntpc,mean,0.7905,True
0.025,ntpc,median,0.012,False
0.025,ntpc,min_score,0.85,True
0.025,ntpc,relative_score,0.85,True
0.025,ntpc,previous_best,1.0,True
0.025,ntpc,gate,0.837,True
0.025,ntpc,gate_v2,0.643,True
0.025,powergrid,ewma,0.8175,True
0.025,powergrid,garch_t,1.0,True
0.025,powergrid,egarch_t,0.9415,True
0.025,powergrid,gjr_t,0.8175,True
0.025,powergrid,har,0.476,True
0.025,powergrid,vix,0.186,True
0.025,powergrid,mean,0.9575,True
0.025,powergrid,median,0.9575,True
0.025,powergrid,min_score,0.8175,True
0.025,powergrid,relative_score,0.827,True
0.025,powergrid,previous_best,0.8245,True
0.025,powergrid,gate,0.476,True
0.025,powergrid,gate_v2,0.7855,True
0.025,bpcl,ewma,0.384,True
0.025,bpcl,garch_t,0.71,True
0.025,bpcl,egarch_t,0.499,True
0.025,bpcl,gjr_t,0.748,True
0.025,bpcl,har,0.5205,True
0.025,bpcl,vix,1.0,True
0.025,bpcl,mean,0.748,True
0.025,bpcl,median,0.748,True
0.025,bpcl,min_score,0.748,True
0.025,bpcl,relative_score,0.5205,True
0.025,bpcl,previous_best,0.294,True
0.025,bpcl,gate,0.5205,True
0.025,bpcl,gate_v2,0.748,True
0.025,ultracemco,ewma,0.8335,True
0.025,ultracemco,garch_t,0.002,False
0.025,ultracemco,egarch_t,0.0645,False
0.025,ultracemco,gjr_t,0.025,False
0.025,ultracemco,har,0.301,True
0.025,ultracemco,vix,1.0,True
0.025,ultracemco,mean,0.088,False
0.025,ultracemco,median,0.057,False
0.025,ultracemco,min_score,0.7385,True
0.025,ultracemco,relative_score,0.301,True
0.025,ultracemco,previous_best,1.0,True
0.025,ultracemco,gate,0.301,True
0.025,ultracemco,gate_v2,0.301,True
0.025,grasim,ewma,0.3645,True
0.025,grasim,garch_t,0.1245,True
0.025,grasim,egarch_t,0.082,False
0.025,grasim,gjr_t,0.08,False
0.025,grasim,har,0.3645,True
0.025,grasim,vix,1.0,True
0.025,grasim,mean,0.2875,True
0.025,grasim,median,0.179,True
0.025,grasim,min_score,0.3645,True
0.025,grasim,relative_score,0.3645,True
0.025,grasim,previous_best,1.0,True
0.025,grasim,gate,0.3645,True
0.025,grasim,gate_v2,0.3645,True
0.025,ambujacem,ewma,0.0675,False
0.025,ambujacem,garch_t,0.9115,True
0.025,ambujacem,egarch_t,0.9095,True
0.025,ambujacem,gjr_t,1.0,True
0.025,ambujacem,har,0.7315,True
0.025,ambujacem,vix,0.9095,True
0.025,ambujacem,mean,0.9115,True
0.025,ambujacem,median,0.877,True
0.025,ambujacem,min_score,0.9115,True
0.025,ambujacem,relative_score,0.7315,True
0.025,ambujacem,previous_best,1.0,True
0.025,ambujacem,gate,0.7315,True
0.025,ambujacem,gate_v2,0.9115,True
0.025,asianpaint,ewma,0.061,False
0.025,asianpaint,garch_t,0.2425,True
0.025,asianpaint,egarch_t,0.807,True
0.025,asianpaint,gjr_t,0.807,True
0.025,asianpaint,har,1.0,True
0.025,asianpaint,vix,0.422,True
0.025,asianpaint,mean,0.807,True
0.025,asianpaint,median,0.807,True
0.025,asianpaint,min_score,0.7845,True
0.025,asianpaint,relative_score,0.339,True
0.025,asianpaint,previous_best,0.3775,True
0.025,asianpaint,gate,0.4745,True
0.025,asianpaint,gate_v2,0.807,True
0.025,upl,ewma,0.034,False
0.025,upl,garch_t,0.002,False
0.025,upl,egarch_t,0.0305,False
0.025,upl,gjr_t,0.0305,False
0.025,upl,har,1.0,True
0.025,upl,vix,0.37,True
0.025,upl,mean,0.0965,False
0.025,upl,median,0.001,False
0.025,upl,min_score,0.6655,True
0.025,upl,relative_score,0.37,True
0.025,upl,previous_best,0.37,True
0.025,upl,gate,0.6655,True
0.025,upl,gate_v2,0.6655,True
0.025,pidilitind,ewma,0.912,True
0.025,pidilitind,garch_t,0.439,True
0.025,pidilitind,egarch_t,0.912,True
0.025,pidilitind,gjr_t,0.912,True
0.025,pidilitind,har,0.743,True
0.025,pidilitind,vix,0.912,True
0.025,pidilitind,mean,0.912,True
0.025,pidilitind,median,1.0,True
0.025,pidilitind,min_score,0.847,True
0.025,pidilitind,relative_score,0.912,True
0.025,pidilitind,previous_best,0.7825,True
0.025,pidilitind,gate,0.373,True
0.025,pidilitind,gate_v2,0.729,True
0.025,ALL,ewma,0.0,False
0.025,ALL,garch_t,0.0005,False
0.025,ALL,egarch_t,0.0,False
0.025,ALL,gjr_t,0.0025,False
0.025,ALL,har,1.0,True
0.025,ALL,vix,0.0035,False
0.025,ALL,mean,0.756,True
0.025,ALL,median,0.007,False
0.025,ALL,min_score,0.93,True
0.025,ALL,relative_score,0.8355,True
0.025,ALL,previous_best,0.103,True
0.025,ALL,gate,0.007,False
0.025,ALL,gate_v2,0.756,True
0.05,hdfcbank,ewma,0.355,True
0.05,hdfcbank,garch_t,0.394,True
0.05,hdfcbank,egarch_t,0.1045,True
0.05,hdfcbank,gjr_t,0.1045,True
0.05,hdfcbank,har,1.0,True
0.05,hdfcbank,vix,0.029,False
0.05,hdfcbank,mean,0.394,True
0.05,hdfcbank,median,0.355,True
0.05,hdfcbank,min_score,0.184,True
0.05,hdfcbank,relative_score,0.2145,True
0.05,hdfcbank,previous_best,0.186,True
0.05,hdfcbank,gate_v2,0.394,True
0.05,kotakbank,ewma,0.1165,True
0.05,kotakbank,garch_t,0.5075,True
0.05,kotakbank,egarch_t,0.7155,True
0.05,kotakbank,gjr_t,0.049,False
0.05,kotakbank,har,1.0,True
0.05,kotakbank,vix,0.623,True
0.05,kotakbank,mean,0.7155,True
0.05,kotakbank,median,0.3355,True
0.05,kotakbank,min_score,0.7455,True
0.05,kotakbank,relative_score,0.7455,True
0.05,kotakbank,previous_best,0.7455,True
0.05,kotakbank,gate_v2,0.7455,True
0.05,axisbank,ewma,0.3085,True
0.05,axisbank,garch_t,0.3085,True
0.05,axisbank,egarch_t,0.1755,True
0.05,axisbank,gjr_t,0.174,True
0.05,axisbank,har,0.7645,True
0.05,axisbank,vix,0.7645,True
0.05,axisbank,mean,0.364,True
0.05,axisbank,median,0.364,True
0.05,axisbank,min_score,1.0,True
0.05,axisbank,relative_score,0.7645,True
0.05,axisbank,previous_best,0.355,True
0.05,axisbank,gate_v2,0.7645,True
0.05,tcs,ewma,0.9065,True
0.05,tcs,garch_t,0.6085,True
0.05,tcs,egarch_t,0.111,True
0.05,tcs,gjr_t,0.6925,True
0.05,tcs,har,1.0,True
0.05,tcs,vix,0.4875,True
0.05,tcs,mean,0.9065,True
0.05,tcs,median,0.8445,True
0.05,tcs,min_score,0.9065,True
0.05,tcs,relative_score,0.9065,True
0.05,tcs,previous_best,0.6085,True
0.05,tcs,gate_v2,0.1355,True
0.05,wipro,ewma,0.879,True
0.05,wipro,garch_t,0.87,True
0.05,wipro,egarch_t,1.0,True
0.05,wipro,gjr_t,0.8665,True
0.05,wipro,har,0.903,True
0.05,wipro,vix,0.0215,False
0.05,wipro,mean,0.903,True
0.05,wipro,median,0.879,True
0.05,wipro,min_score,0.86,True
0.05,wipro,relative_score,0.837,True
0.05,wipro,previous_best,0.1175,True
0.05,wipro,gate_v2,0.87,True
0.05,hcltech,ewma,0.8235,True
0.05,hcltech,garch_t,0.133,True
0.05,hcltech,egarch_t,0.8235,True
0.05,hcltech,gjr_t,0.44,True
0.05,hcltech,har,0.8235,True
0.05,hcltech,vix,0.368,True
0.05,hcltech,mean,0.8235,True
0.05,hcltech,median,0.8235,True
0.05,hcltech,min_score,0.785,True
0.05,hcltech,relative_score,1.0,True
0.05,hcltech,previous_best,0.8235,True
0.05,hcltech,gate_v2,0.8235,True
0.05,mm,ewma,0.048,False
0.05,mm,garch_t,0.0345,False
0.05,mm,egarch_t,0.895,True
0.05,mm,gjr_t,0.321,True
0.05,mm,har,0.895,True
0.05,mm,vix,0.321,True
0.05,mm,mean,0.895,True
0.05,mm,median,0.7375,True
0.05,mm,min_score,0.895,True
0.05,mm,relative_score,0.895,True
0.05,mm,previous_best,0.895,True
0.05,mm,gate_v2,1.0,True
0.05,eichermot,ewma,0.346,True
0.05,eichermot,garch_t,0.0075,False
0.05,eichermot,egarch_t,0.129,True
0.05,eichermot,gjr_t,0.0,False
0.05,eichermot,har,0.49,True
0.05,eichermot,vix,1.0,True
0.05,eichermot,mean,0.346,True
0.05,eichermot,median,0.286,True
0.05,eichermot,min_score,0.49,True
0.05,eichermot,relative_score,0.49,True
0.05,eichermot,previous_best,0.49,True
0.05,eichermot,gate_v2,0.4535,True
0.05,heromotoco,ewma,0.067,False
0.05,heromotoco,garch_t,0.315,True
0.05,heromotoco,egarch_t,0.659,True
0.05,heromotoco,gjr_t,0.9105,True
0.05,heromotoco,har,0.659,True
0.05,heromotoco,vix,0.6405,True
0.05,heromotoco,mean,1.0,True
0.05,heromotoco,median,0.4645,True
0.05,heromotoco,min_score,0.9105,True
0.05,heromotoco,relative_score,0.315,True
0.05,heromotoco,previous_best,0.0265,False
0.05,heromotoco,gate_v2,0.5595,True
0.05,cipla,ewma,0.06,False
0.05,cipla,garch_t,0.773,True
0.05,cipla,egarch_t,0.2625,True
0.05,cipla,gjr_t,0.486,True
0.05,cipla,har,1.0,True
0.05,cipla,vix,0.773,True
0.05,cipla,mean,0.773,True
0.05,cipla,median,0.773,True
0.05,cipla,min_score,0.695,True
0.05,cipla,relative_score,0.773,True
0.05,cipla,previous_best,1.0,True
0.05,cipla,gate_v2,0.8285,True
0.05,lupin,ewma,0.364,True
0.05,lupin,garch_t,0.0015,False
0.05,lupin,egarch_t,0.0,False
0.05,lupin,gjr_t,0.0,False
0.05,lupin,har,1.0,True
0.05,lupin,vix,0.5645,True
0.05,lupin,mean,0.0,False
0.05,lupin,median,0.0,False
0.05,lupin,min_score,0.457,True
0.05,lupin,relative_score,0.364,True
0.05,lupin,previous_best,1.0,True
0.05,lupin,gate_v2,0.7305,True
0.05,auropharma,ewma,0.102,True
0.05,auropharma,garch_t,0.0145,False
0.05,auropharma,egarch_t,0.0565,False
0.05,auropharma,gjr_t,0.0145,False
0.05,auropharma,har,0.5815,True
0.05,auropharma,vix,1.0,True
0.05,auropharma,mean,0.3135,True
0.05,auropharma,median,0.1245,True
0.05,auropharma,min_score,0.0445,False
0.05,auropharma,relative_score,0.0035,False
0.05,auropharma,previous_best,0.2445,True
0.05,auropharma,gate_v2,0.5815,True
0.05,jswsteel,ewma,0.735,True
0.05,jswsteel,garch_t,0.0465,False
0.05,jswsteel,egarch_t,0.1095,True
0.05,jswsteel,gjr_t,0.239,True
0.05,jswsteel,har,0.7235,True
0.05,jswsteel,vix,1.0,True
0.05,jswsteel,mean,0.7235,True
0.05,jswsteel,median,0.7,True
0.05,jswsteel,min_score,0.735,True
0.05,jswsteel,relative_score,0.6515,True
0.05,jswsteel,previous_best,0.7235,True
0.05,jswsteel,gate_v2,0.735,True
0.05,vedl,ewma,0.336,True
0.05,vedl,garch_t,0.097,False
0.05,vedl,egarch_t,0.664,True
0.05,vedl,gjr_t,0.114,True
0.05,vedl,har,1.0,True
0.05,vedl,vix,0.6665,True
0.05,vedl,mean,0.6665,True
0.05,vedl,median,0.2,True
0.05,vedl,min_score,0.664,True
0.05,vedl,relative_score,0.6665,True
0.05,vedl,previous_best,1.0,True
0.05,vedl,gate_v2,0.664,True
0.05,sail,ewma,0.3395,True
0.05,sail,garch_t,0.0065,False
0.05,sail,egarch_t,0.2575,True
0.05,sail,gjr_t,0.005,False
0.05,sail,har,0.9855,True
0.05,sail,vix,0.9855,True
0.05,sail,mean,0.2215,True
0.05,sail,median,0.0225,False
0.05,sail,min_score,1.0,True
0.05,sail,relative_score,0.758,True
0.05,sail,previous_best,0.9855,True
0.05,sail,gate_v2,0.989,True
0.05,britannia,ewma,0.08,False
0.05,britannia,garch_t,0.0845,False
0.05,britannia,egarch_t,0.0455,False
0.05,britannia,gjr_t,0.075,False
0.05,britannia,har,1.0,True
0.05,britannia,vix,0.1185,True
0.05,britannia,mean,0.1185,True
0.05,britannia,median,0.0845,False
0.05,britannia,min_score,0.5985,True
0.05,britannia,relative_score,0.075,False
0.05,britannia,previous_best,1.0,True
0.05,britannia,gate_v2,0.208,True
0.05,dabur,ewma,0.0085,False
0.05,dabur,garch_t,0.5395,True
0.05,dabur,egarch_t,0.5245,True
0.05,dabur,gjr_t,0.1315,True
0.05,dabur,har,1.0,True
0.05,dabur,vix,0.5395,True
0.05,dabur,mean,0.5395,True
0.05,dabur,median,0.5395,True
0.05,dabur,min_score,0.786,True
0.05,dabur,relative_score,0.5395,True
0.05,dabur,previous_best,1.0,True
0.05,dabur,gate_v2,0.062,False
0.05,marico,ewma,0.8155,True
0.05,marico,garch_t,0.0045,False
0.05,marico,egarch_t,0.0035,False
0.05,marico,gjr_t,0.005,False
0.05,marico,har,1.0,True
0.05,marico,vix,0.34,True
0.05,marico,mean,0.2675,True
0.05,marico,median,0.134,True
0.05,marico,min_score,0.8155,True
0.05,marico,relative_score,0.2675,True
0.05,marico,previous_best,0.8155,True
0.05,marico,gate_v2,0.177,True
0.05,ntpc,ewma,0.528,True
0.05,ntpc,garch_t,0.136,True
0.05,ntpc,egarch_t,0.003,False
0.05,ntpc,gjr_t,0.0565,False
0.05,ntpc,har,1.0,True
0.05,ntpc,vix,0.0565,False
0.05,ntpc,mean,0.2475,True
0.05,ntpc,median,0.058,False
0.05,ntpc,min_score,0.576,True
0.05,ntpc,relative_score,0.576,True
0.05,ntpc,previous_best,1.0,True
0.05,ntpc,gate_v2,0.528,True
0.05,powergrid,ewma,0.2555,True
0.05,powergrid,garch_t,0.9335,True
0.05,powergrid,egarch_t,0.9335,True
0.05,powergrid,gjr_t,0.7715,True
0.05,powergrid,har,0.4685,True
0.05,powergrid,vix,0.159,True
0.05,powergrid,mean,1.0,True
0.05,powergrid,median,0.936,True
0.05,powergrid,min_score,0.8565,True
0.05,powergrid,relative_score,0.8565,True
0.05,powergrid,previous_best,0.3425,True
0.05,powergrid,gate_v2,0.8565,True
0.05,bpcl,ewma,0.574,True
0.05,bpcl,garch_t,0.2975,True
0.05,bpcl,egarch_t,0.4855,True
0.05,bpcl,gjr_t,0.5245,True
0.05,bpcl,har,0.3675,True
0.05,bpcl,vix,1.0,True
0.05,bpcl,mean,0.7215,True
0.05,bpcl,median,0.7005,True
0.05,bpcl,min_score,0.7215,True
0.05,bpcl,relative_score,0.5245,True
0.05,bpcl,previous_best,0.3675,True
0.05,bpcl,gate_v2,0.5245,True
0.05,ultracemco,ewma,0.783,True
0.05,ultracemco,garch_t,0.017,False
0.05,ultracemco,egarch_t,0.213,True
0.05,ultracemco,gjr_t,0.112,True
0.05,ultracemco,har,0.6385,True
0.05,ultracemco,vix,1.0,True
0.05,ultracemco,mean,0.5875,True
0.05,ultracemco,median,0.371,True
0.05,ultracemco,min_score,0.77,True
0.05,ultracemco,relative_score,0.748,True
0.05,ultracemco,previous_best,0.5875,True
0.05,ultracemco,gate_v2,0.748,True
0.05,grasim,ewma,0.126,True
0.05,grasim,garch_t,0.039,False
0.05,grasim,egarch_t,0.037,False
0.05,grasim,gjr_t,0.025,False
0.05,grasim,har,0.126,True
0.05,grasim,vix,1.0,True
0.05,grasim,mean,0.109,True
0.05,grasim,median,0.0415,False
0.05,grasim,min_score,0.089,False
0.05,grasim,relative_score,0.089,False
0.05,grasim,previous_best,0.126,True
0.05,grasim,gate_v2,0.126,True
0.05,ambujacem,ewma,0.0775,False
0.05,ambujacem,garch_t,0.9565,True
0.05,ambujacem,egarch_t,0.9565,True
0.05,ambujacem,gjr_t,1.0,True
0.05,ambujacem,har,0.605,True
0.05,ambujacem,vix,0.9565,True
0.05,ambujacem,mean,0.9565,True
0.05,ambujacem,median,0.9565,True
0.05,ambujacem,min_score,0.9405,True
0.05,ambujacem,relative_score,0.4945,True
0.05,ambujacem,previous_best,0.68,True
0.05,ambujacem,gate_v2,0.9565,True
0.05,asianpaint,ewma,0.039,False
0.05,asianpaint,garch_t,0.168,True
0.05,asianpaint,egarch_t,0.499,True
0.05,asianpaint,gjr_t,0.499,True
0.05,asianpaint,har,1.0,True
0.05,asianpaint,vix,0.499,True
0.05,asianpaint,mean,0.499,True
0.05,asianpaint,median,0.499,True
0.05,asianpaint,min_score,0.499,True
0.05,asianpaint,relative_score,0.461,True
0.05,asianpaint,previous_best,0.499,True
0.05,asianpaint,gate_v2,0.499,True
0.05,upl,ewma,0.0085,False
0.05,upl,garch_t,0.0035,False
0.05,upl,egarch_t,0.0085,False
0.05,upl,gjr_t,0.0035,False
0.05,upl,har,1.0,True
0.05,upl,vix,0.254,True
0.05,upl,mean,0.0085,False
0.05,upl,median,0.0005,False
0.05,upl,min_score,0.5705,True
0.05,upl,relative_score,0.3475,True
0.05,upl,previous_best,0.254,True
0.05,upl,gate_v2,0.45,True
0.05,pidilitind,ewma,0.6395,True
0.05,pidilitind,garch_t,0.3595,True
0.05,pidilitind,egarch_t,0.6065,True
0.05,pidilitind,gjr_t,0.594,True
0.05,pidilitind,har,0.6395,True
0.05,pidilitind,vix,0.9935,True
0.05,pidilitind,mean,1.0,True
0.05,pidilitind,median,0.9935,True
0.05,pidilitind,min_score,0.9205,True
0.05,pidilitind,relative_score,0.9935,True
0.05,pidilitind,previous_best,0.583,True
0.05,pidilitind,gate_v2,0.2065,True
0.05,ALL,ewma,0.0,False
0.05,ALL,garch_t,0.0005,False
0.05,ALL,egarch_t,0.0035,False
0.05,ALL,gjr_t,0.001,False
0.05,ALL,har,0.924,True
0.05,ALL,vix,0.0035,False
0.05,ALL,mean,0.345,True
0.05,ALL,median,0.0035,False
0.05,ALL,min_score,1.0,True
0.05,ALL,relative_score,0.7465,True
0.05,ALL,previous_best,0.0035,False
0.05,ALL,gate_v2,0.7465,True
