term,coef,se,t,p,method
const,0.0009444371631634497,0.007236567375708819,0.13050899882915032,0.8961637349993665,gate_v2
vov30,-0.003793165063643529,0.006487837741557021,-0.5846578189443443,0.5587778218768236,gate_v2
vix,0.016927250606894276,0.015121438185303206,1.1194206793998054,0.26296071287063205,gate_v2
vrp,0.008890257544209306,0.006816135769237636,1.304295842276577,0.19213273237800643,gate_v2
loss_dispersion,0.00022904553491579074,0.013674071156531862,0.0167503541771742,0.9866357759600876,gate_v2
const,0.029033989933276542,0.013313572441668151,2.180781308734793,0.029199595700924248,gate
vov30,-0.018442999628963022,0.011347030400476512,-1.6253591449079503,0.10408605580523687,gate
vix,0.03770462239096636,0.026225290273240307,1.437719925999801,0.15051353704088874,gate
vrp,0.004483435173444784,0.013552893616826584,0.33081017974481686,0.7407878711020163,gate
loss_dispersion,-0.005837278957018366,0.021560855401809728,-0.2707350357040291,0.7865948281836336,gate
