key,ticker,file,rows,first,last,sha256
hdfcbank,HDFCBANK.NS,hdfcbank.csv,2905,2015-01-01,2026-09-30,d731d64ecbbe9f0e1dd7d61c01dd473b4c291b62348ad9691d7aa6247462d5ab
kotakbank,KOTAKBANK.NS,kotakbank.csv,2905,2015-01-01,2026-09-30,61aace40dfce967702238977084de89a11d99ad4dcb0aa551a49ce436a495327
axisbank,AXISBANK.NS,axisbank.csv,2905,2015-01-01,2026-09-30,7b3db1f6a6b26fd1b1f62392f93b740718aebb05812f6c83a3dd5e73e778df1a
tcs,TCS.NS,tcs.csv,2905,2015-01-01,2026-09-30,7a66c67dbb78b148eaa61beae820705ac598a98d481a649f8f7c908b9f39df20
wipro,WIPRO.NS,wipro.csv,2905,2015-01-01,2026-09-30,979c42a72ee7e434ca582df079fe79111d23882e3028fc23868386077504dfaa
hcltech,HCLTECH.NS,hcltech.csv,2905,2015-01-01,2026-09-30,0af75fccc1c54e3fe081fd520e557b5608a34d8128858fe37487579f27168a88
mm,M&M.NS,mm.csv,2905,2015-01-01,2026-09-30,8526922c88ce5942c94b97b2a8024e81a1cc1eb4bdbcbad0c71e312924e98a8e
eichermot,EICHERMOT.NS,eichermot.csv,2905,2015-01-01,2026-09-30,ecb8166d3de1880eb674ed162435bdecbb1fb6309c88304c7a3afadeaee26018
heromotoco,HEROMOTOCO.NS,heromotoco.csv,2905,2015-01-01,2026-09-30,d2b09565766cecb361a39fd28a3b43b4de22fa00ae10d5042049724d8b3b2c8b
cipla,CIPLA.NS,cipla.csv,2905,2015-01-01,2026-09-30,2c8758d0f36af6a66fb85f8966d87b3d7b002d85804fda797783ac67b3f84c53
lupin,LUPIN.NS,lupin.csv,2905,2015-01-01,2026-09-30,223b5a5b1b3026e36eaba7dc2669b008bb5304901bbe9aff6ef4e2c19c5fbc73
auropharma,AUROPHARMA.NS,auropharma.csv,2904,2015-01-01,2026-09-30,16d59004ea1fd0e1f9574e7e6b984edbef2b6ea1d38f53097adeac25f57ba4c7
jswsteel,JSWSTEEL.NS,jswsteel.csv,2905,2015-01-01,2026-09-30,f42a5f71652c042dfc50e97dd01199901407a0269831876ed997669491b6069a
vedl,VEDL.NS,vedl.csv,2905,2015-01-01,2026-09-30,196e82fb9e192e32a7ffc0b2feca1668ff18568719f834663f05e7dd2b7135d2
sail,SAIL.NS,sail.csv,2905,2015-01-01,2026-09-30,273c87f264fb5cbbf40e2eecc5dc0db866c1b5da93cfa918b8fe3315a03d7319
britannia,BRITANNIA.NS,britannia.csv,2905,2015-01-01,2026-09-30,75a2db49f9d3e7d5d6260ac1f9afd4b94edacbdb96ecc1d0eb1ed4511425500c
dabur,DABUR.NS,dabur.csv,2905,2015-01-01,2026-09-30,92dfcc2ef2847172350b814c2676651d1b98965842742ee9af79736f333cdad6
marico,MARICO.NS,marico.csv,2905,2015-01-01,2026-09-30,e3be592c9b2bc58d31c95311bea6ecf66b67f96313eb0c0f65cff4e9cb189d72
ntpc,NTPC.NS,ntpc.csv,2905,2015-01-01,2026-09-30,a0df5f184fd2503dd7b4302793d3992e9c8231ed01f8922190186dab1d26dff7
powergrid,POWERGRID.NS,powergrid.csv,2905,2015-01-01,2026-09-30,a8c99e567ad6c806073c6932b4428ab972c0536e6e189d403e7cd3c6cb69ae5a
bpcl,BPCL.NS,bpcl.csv,2905,2015-01-01,2026-09-30,af826f8d3ce2ea4e7f0f4b3dedeb63dfd33a67423cea5b9f899d1ebd5ac67f20
ultracemco,ULTRACEMCO.NS,ultracemco.csv,2905,2015-01-01,2026-09-30,f13af3248c3e03b0ecd9c0181c84315b4dd756ab7fee79dc3d49ee2f0166ffd7
grasim,GRASIM.NS,grasim.csv,2905,2015-01-01,2026-09-30,a948b29c5f5b8fd6335d49e7211e35fca46054f27cf8db46f25c4e5ab62925b9
ambujacem,AMBUJACEM.NS,ambujacem.csv,2905,2015-01-01,2026-09-30,b5d28f8914ec593718599e3afa3842b49da4823f5e864b586f0114266f396125
asianpaint,ASIANPAINT.NS,asianpaint.csv,2905,2015-01-01,2026-09-30,7e7f0717fc5fb486064bb2b474f1caa58cde06e0d4c671e93cda8ef7f2c3b74d
upl,UPL.NS,upl.csv,2905,2015-01-01,2026-09-30,d7bf7c20ee661aa1a81ac652338170138ee739955c67ef1477fab84e228060b9
pidilitind,PIDILITIND.NS,pidilitind.csv,2905,2015-01-01,2026-09-30,09be519a7a5bddfe64fe8f528f08d1fcd66fbc047734a5900825d1ae029bbab7
india_vix,^INDIAVIX,india_vix.csv,2881,2015-01-01,2026-09-30,3e9176cbe7587f403a6b4bc0e52e0541b8213f7594671189e1cfaafcbf457ffc
