asset,method,T,crit_5pct,z2
hdfcbank,r0,921,-0.3547848059979391,-0.45299175850324036
hdfcbank,r1,921,-0.3547848059979391,-0.8250173149981042
hdfcbank,mean,921,-0.3547848059979391,-0.29262858070211295
hdfcbank,min_score,921,-0.3547848059979391,-0.5738167823330882
hdfcbank,relative_score,921,-0.3547848059979391,-0.4338739069195845
hdfcbank,r2_linear,921,-0.3547848059979391,-0.43138459850388555
hdfcbank,r2_mlp,921,-0.3547848059979391,-0.3022550563400983
hdfcbank,gate,921,-0.3547848059979391,-0.601741127468064
hdfcbank,gate_v2,921,-0.3547848059979391,-0.4293904957378394
kotakbank,r0,921,-0.3547848059979391,-0.18814734412263512
kotakbank,r1,921,-0.3547848059979391,-0.3421291840526368
kotakbank,mean,921,-0.3547848059979391,-0.05082327466408176
kotakbank,min_score,921,-0.3547848059979391,-0.20920607329123042
kotakbank,relative_score,921,-0.3547848059979391,-0.15123591212695575
kotakbank,r2_linear,921,-0.3547848059979391,-0.16385627460253893
kotakbank,r2_mlp,921,-0.3547848059979391,-0.25397586148751783
kotakbank,gate,921,-0.3547848059979391,-0.3183251245393701
kotakbank,gate_v2,921,-0.3547848059979391,-0.1494007026802202
axisbank,r0,921,-0.3547848059979391,-0.21746735804541562
axisbank,r1,921,-0.3547848059979391,-0.038626931268592735
axisbank,mean,921,-0.3547848059979391,0.06187631692860185
axisbank,min_score,921,-0.3547848059979391,0.05801423564955566
axisbank,relative_score,921,-0.3547848059979391,0.09619526930041511
axisbank,r2_linear,921,-0.3547848059979391,-0.13300893824263182
axisbank,r2_mlp,921,-0.3547848059979391,-0.10783587531082905
axisbank,gate,921,-0.3547848059979391,-0.219671163272394
axisbank,gate_v2,921,-0.3547848059979391,-0.06445773645489039
tcs,r0,921,-0.3547848059979391,-0.19968643978227552
tcs,r1,921,-0.3547848059979391,-0.5635412224323681
tcs,mean,921,-0.3547848059979391,-0.14405919934759703
tcs,min_score,921,-0.3547848059979391,-0.3129597962919102
tcs,relative_score,921,-0.3547848059979391,-0.3282727891194581
tcs,r2_linear,921,-0.3547848059979391,-0.2686187027476661
tcs,r2_mlp,921,-0.3547848059979391,-0.3589189497676759
tcs,gate,921,-0.3547848059979391,-0.6264782240428188
tcs,gate_v2,921,-0.3547848059979391,-0.29638211477469945
wipro,r0,921,-0.3547848059979391,-0.46637040328254953
wipro,r1,921,-0.3547848059979391,-0.8832071940043371
wipro,mean,921,-0.3547848059979391,-0.0018757771428661307
wipro,min_score,921,-0.3547848059979391,-0.6050519077081404
wipro,relative_score,921,-0.3547848059979391,-0.46455983520604915
wipro,r2_linear,921,-0.3547848059979391,-0.43405765974486443
wipro,r2_mlp,921,-0.3547848059979391,-0.36622756334882833
wipro,gate,921,-0.3547848059979391,-0.5142170467266582
wipro,gate_v2,921,-0.3547848059979391,-0.31911329786048714
hcltech,r0,921,-0.3547848059979391,-0.29930322283931643
hcltech,r1,921,-0.3547848059979391,-0.34590628531674916
hcltech,mean,921,-0.3547848059979391,-0.099537479085541
hcltech,min_score,921,-0.3547848059979391,-0.23531424345663265
hcltech,relative_score,921,-0.3547848059979391,-0.1712654087094112
hcltech,r2_linear,921,-0.3547848059979391,-0.32908377376931397
hcltech,r2_mlp,921,-0.3547848059979391,-0.3124806513618439
hcltech,gate,921,-0.3547848059979391,-0.46480606559828486
hcltech,gate_v2,921,-0.3547848059979391,-0.22464914878140485
mm,r0,920,-0.3494295625354308,-0.10342397736949627
mm,r1,920,-0.3494295625354308,-0.2224434152911079
mm,mean,920,-0.3494295625354308,0.11416524381886206
mm,min_score,920,-0.3494295625354308,-0.1430140623429046
mm,relative_score,920,-0.3494295625354308,-0.0299746019362499
mm,r2_linear,920,-0.3494295625354308,-0.13542713669271533
mm,r2_mlp,920,-0.3494295625354308,-0.1845733620034007
mm,gate,920,-0.3494295625354308,-0.20090023632207754
mm,gate_v2,920,-0.3494295625354308,-0.12382811956458029
eichermot,r0,921,-0.3547848059979391,0.18018691637639017
eichermot,r1,921,-0.3547848059979391,0.1530001666213695
eichermot,mean,921,-0.3547848059979391,0.43530895138541503
eichermot,min_score,921,-0.3547848059979391,0.3129168668835509
eichermot,relative_score,921,-0.3547848059979391,0.2801554445598433
eichermot,r2_linear,921,-0.3547848059979391,0.24741745728748576
eichermot,r2_mlp,921,-0.3547848059979391,0.09388028641377233
eichermot,gate,921,-0.3547848059979391,0.019451786473952182
eichermot,gate_v2,921,-0.3547848059979391,0.210707116970699
heromotoco,r0,921,-0.3547848059979391,0.11735726878486097
heromotoco,r1,921,-0.3547848059979391,-0.16447609552710696
heromotoco,mean,921,-0.3547848059979391,0.1876620877227939
heromotoco,min_score,921,-0.3547848059979391,-0.10257633348558604
heromotoco,relative_score,921,-0.3547848059979391,-0.023732394382356414
heromotoco,r2_linear,921,-0.3547848059979391,0.07539561378588566
heromotoco,r2_mlp,921,-0.3547848059979391,-0.018879903432067024
heromotoco,gate,921,-0.3547848059979391,-0.2777174086498666
heromotoco,gate_v2,921,-0.3547848059979391,-0.025538096479786665
cipla,r0,921,-0.3547848059979391,-0.16818853618415375
cipla,r1,921,-0.3547848059979391,0.11712767242873046
cipla,mean,921,-0.3547848059979391,0.22261879475668012
cipla,min_score,921,-0.3547848059979391,-0.14063353743246387
cipla,relative_score,921,-0.3547848059979391,-0.16269938583839538
cipla,r2_linear,921,-0.3547848059979391,-0.20259806524517465
cipla,r2_mlp,921,-0.3547848059979391,-0.15313706972066998
cipla,gate,921,-0.3547848059979391,-0.062158789811020965
cipla,gate_v2,921,-0.3547848059979391,-0.05176551007556429
lupin,r0,921,-0.3547848059979391,0.4647536707450294
lupin,r1,921,-0.3547848059979391,0.36493229524744386
lupin,mean,921,-0.3547848059979391,0.4295878651102679
lupin,min_score,921,-0.3547848059979391,0.42454076802482743
lupin,relative_score,921,-0.3547848059979391,0.46355345801447423
lupin,r2_linear,921,-0.3547848059979391,0.43201716721188466
lupin,r2_mlp,921,-0.3547848059979391,0.3901218813642737
lupin,gate,921,-0.3547848059979391,0.26532309895328543
lupin,gate_v2,921,-0.3547848059979391,0.4294423322514802
auropharma,r0,921,-0.3547848059979391,0.5139637953508207
auropharma,r1,921,-0.3547848059979391,0.4244646996839281
auropharma,mean,921,-0.3547848059979391,0.5769136580724074
auropharma,min_score,921,-0.3547848059979391,0.4633179570945637
auropharma,relative_score,921,-0.3547848059979391,0.46626252204995455
auropharma,r2_linear,921,-0.3547848059979391,0.5104264547368007
auropharma,r2_mlp,921,-0.3547848059979391,0.4951600861582902
auropharma,gate,921,-0.3547848059979391,0.2860550058599335
auropharma,gate_v2,921,-0.3547848059979391,0.5062217169740642
jswsteel,r0,921,-0.3547848059979391,-0.12646410929373575
jswsteel,r1,921,-0.3547848059979391,-0.06446123731489983
jswsteel,mean,921,-0.3547848059979391,0.2758087796183645
jswsteel,min_score,921,-0.3547848059979391,0.19448580018135242
jswsteel,relative_score,921,-0.3547848059979391,0.3673084634791538
jswsteel,r2_linear,921,-0.3547848059979391,-0.11929135630534926
jswsteel,r2_mlp,921,-0.3547848059979391,0.0408165384244803
jswsteel,gate,921,-0.3547848059979391,-0.0937779091938511
jswsteel,gate_v2,921,-0.3547848059979391,-0.005996424791472332
vedl,r0,920,-0.3494295625354308,0.39211485302878535
vedl,r1,920,-0.3494295625354308,0.3239285663547964
vedl,mean,920,-0.3494295625354308,0.3858352844374089
vedl,min_score,920,-0.3494295625354308,0.43624034273851664
vedl,relative_score,920,-0.3494295625354308,0.39211755958241246
vedl,r2_linear,920,-0.3494295625354308,0.32954488275726757
vedl,r2_mlp,920,-0.3494295625354308,0.2690792962762939
vedl,gate,920,-0.3494295625354308,0.10886498764933417
vedl,gate_v2,920,-0.3494295625354308,0.3206238615116135
sail,r0,921,-0.3547848059979391,0.1727069472940489
sail,r1,921,-0.3547848059979391,0.13502655560789933
sail,mean,921,-0.3547848059979391,0.16428245971152022
sail,min_score,921,-0.3547848059979391,0.15414743677629372
sail,relative_score,921,-0.3547848059979391,0.17826939900208005
sail,r2_linear,921,-0.3547848059979391,0.12594447491408434
sail,r2_mlp,921,-0.3547848059979391,0.15418984969307592
sail,gate,921,-0.3547848059979391,0.061422291509689364
sail,gate_v2,921,-0.3547848059979391,0.13908781670115145
britannia,r0,921,-0.3547848059979391,0.0709848466127444
britannia,r1,921,-0.3547848059979391,-0.39099903744314446
britannia,mean,921,-0.3547848059979391,0.1822033760090046
britannia,min_score,921,-0.3547848059979391,0.0037032348815508875
britannia,relative_score,921,-0.3547848059979391,0.10597325259628221
britannia,r2_linear,921,-0.3547848059979391,0.05602365508800866
britannia,r2_mlp,921,-0.3547848059979391,-0.20090609745399002
britannia,gate,921,-0.3547848059979391,-0.3066388264231783
britannia,gate_v2,921,-0.3547848059979391,0.060001223394889
dabur,r0,921,-0.3547848059979391,-0.4513104887861834
dabur,r1,921,-0.3547848059979391,-0.6722687294828518
dabur,mean,921,-0.3547848059979391,-0.32159393778145784
dabur,min_score,921,-0.3547848059979391,-0.43122358886491763
dabur,relative_score,921,-0.3547848059979391,-0.4786773750955826
dabur,r2_linear,921,-0.3547848059979391,-0.4245376429104015
dabur,r2_mlp,921,-0.3547848059979391,-0.43614010690749616
dabur,gate,921,-0.3547848059979391,-0.7120075200850837
dabur,gate_v2,921,-0.3547848059979391,-0.4314793364630498
marico,r0,921,-0.3547848059979391,0.25843408230491793
marico,r1,921,-0.3547848059979391,0.16534243132846516
marico,mean,921,-0.3547848059979391,0.3571008218110414
marico,min_score,921,-0.3547848059979391,0.3125780395942708
marico,relative_score,921,-0.3547848059979391,0.31513409799998704
marico,r2_linear,921,-0.3547848059979391,0.2302320736770953
marico,r2_mlp,921,-0.3547848059979391,0.1913458126978177
marico,gate,921,-0.3547848059979391,0.1369522197360128
marico,gate_v2,921,-0.3547848059979391,0.31342538931789554
ntpc,r0,921,-0.3547848059979391,0.11985905718160084
ntpc,r1,921,-0.3547848059979391,-0.15652306633621227
ntpc,mean,921,-0.3547848059979391,0.29839606788117135
ntpc,min_score,921,-0.3547848059979391,0.11796409667193664
ntpc,relative_score,921,-0.3547848059979391,0.16691155120283774
ntpc,r2_linear,921,-0.3547848059979391,0.07914180400418414
ntpc,r2_mlp,921,-0.3547848059979391,-0.0320608991556115
ntpc,gate,921,-0.3547848059979391,0.055262669706293455
ntpc,gate_v2,921,-0.3547848059979391,0.06139621243955928
powergrid,r0,921,-0.3547848059979391,-0.4957532049563078
powergrid,r1,921,-0.3547848059979391,-1.1692423365566804
powergrid,mean,921,-0.3547848059979391,-0.22169928023580443
powergrid,min_score,921,-0.3547848059979391,-0.27447067185263263
powergrid,relative_score,921,-0.3547848059979391,-0.29683779643086683
powergrid,r2_linear,921,-0.3547848059979391,-0.4389264475359751
powergrid,r2_mlp,921,-0.3547848059979391,-0.36591693775323986
powergrid,gate,921,-0.3547848059979391,-0.4034122998800638
powergrid,gate_v2,921,-0.3547848059979391,-0.3148993102985309
bpcl,r0,921,-0.3547848059979391,0.059822718043670564
bpcl,r1,921,-0.3547848059979391,-0.1579798075322132
bpcl,mean,921,-0.3547848059979391,0.05294415347103132
bpcl,min_score,921,-0.3547848059979391,-0.10440307434850338
bpcl,relative_score,921,-0.3547848059979391,0.021568999754306706
bpcl,r2_linear,921,-0.3547848059979391,0.0007954801459698624
bpcl,r2_mlp,921,-0.3547848059979391,-0.09926835587688543
bpcl,gate,921,-0.3547848059979391,-0.332321514623902
bpcl,gate_v2,921,-0.3547848059979391,-0.020896163502565512
ultracemco,r0,921,-0.3547848059979391,0.0889312660317747
ultracemco,r1,921,-0.3547848059979391,0.05597088737036138
ultracemco,mean,921,-0.3547848059979391,0.45638184040340257
ultracemco,min_score,921,-0.3547848059979391,0.20988810396443758
ultracemco,relative_score,921,-0.3547848059979391,0.24515317873915943
ultracemco,r2_linear,921,-0.3547848059979391,0.10163261256475342
ultracemco,r2_mlp,921,-0.3547848059979391,-0.008450462154132143
ultracemco,gate,921,-0.3547848059979391,-0.016069862514090705
ultracemco,gate_v2,921,-0.3547848059979391,0.22853001112888627
grasim,r0,921,-0.3547848059979391,0.029109271283099036
grasim,r1,921,-0.3547848059979391,-0.21176064908934555
grasim,mean,921,-0.3547848059979391,0.27208802368291174
grasim,min_score,921,-0.3547848059979391,0.35018702191255924
grasim,relative_score,921,-0.3547848059979391,0.2645075738241385
grasim,r2_linear,921,-0.3547848059979391,0.03546066043389484
grasim,r2_mlp,921,-0.3547848059979391,-0.0604286892077146
grasim,gate,921,-0.3547848059979391,-0.11475792213632574
grasim,gate_v2,921,-0.3547848059979391,0.08158965834929743
ambujacem,r0,921,-0.3547848059979391,-0.44450703265743674
ambujacem,r1,921,-0.3547848059979391,-0.5398475011460739
ambujacem,mean,921,-0.3547848059979391,-0.23589572667147318
ambujacem,min_score,921,-0.3547848059979391,-0.31631044091518756
ambujacem,relative_score,921,-0.3547848059979391,-0.18779492463032232
ambujacem,r2_linear,921,-0.3547848059979391,-0.38347694562556445
ambujacem,r2_mlp,921,-0.3547848059979391,-0.27672484053490143
ambujacem,gate,921,-0.3547848059979391,-0.48918305112783456
ambujacem,gate_v2,921,-0.3547848059979391,-0.3429040422217118
asianpaint,r0,921,-0.3547848059979391,-0.2973819352666023
asianpaint,r1,921,-0.3547848059979391,-0.9110197204932637
asianpaint,mean,921,-0.3547848059979391,-0.33603566690301867
asianpaint,min_score,921,-0.3547848059979391,-0.568836447512509
asianpaint,relative_score,921,-0.3547848059979391,-0.6922099804792918
asianpaint,r2_linear,921,-0.3547848059979391,-0.31769013627446707
asianpaint,r2_mlp,921,-0.3547848059979391,-0.17413007846180806
asianpaint,gate,921,-0.3547848059979391,-0.4179714315457108
asianpaint,gate_v2,921,-0.3547848059979391,-0.4209106917103369
upl,r0,921,-0.3547848059979391,-0.19064973556237352
upl,r1,921,-0.3547848059979391,-0.4574438483740937
upl,mean,921,-0.3547848059979391,-0.10212226724900098
upl,min_score,921,-0.3547848059979391,-0.26390661753394595
upl,relative_score,921,-0.3547848059979391,-0.30118131864134745
upl,r2_linear,921,-0.3547848059979391,-0.18708784314790594
upl,r2_mlp,921,-0.3547848059979391,-0.1596823274520427
upl,gate,921,-0.3547848059979391,-0.31451575200275617
upl,gate_v2,921,-0.3547848059979391,-0.1854246608448462
pidilitind,r0,921,-0.3547848059979391,-0.25180682673185983
pidilitind,r1,921,-0.3547848059979391,-0.5447511263528526
pidilitind,mean,921,-0.3547848059979391,0.089287428549788
pidilitind,min_score,921,-0.3547848059979391,-0.17332680324664884
pidilitind,relative_score,921,-0.3547848059979391,-0.1377101202321378
pidilitind,r2_linear,921,-0.3547848059979391,-0.2051365070296698
pidilitind,r2_mlp,921,-0.3547848059979391,-0.3144891074120597
pidilitind,gate,921,-0.3547848059979391,-0.41428688601413666
pidilitind,gate_v2,921,-0.3547848059979391,-0.09710976373277647
