alpha,pair,lower,higher,n,diff,dm_stat,p_one_sided
0.01,H1,r0,mean,919,-0.006021520464332131,-0.4378457018610545,0.33080056858363044
0.01,H2,r0,min_score,919,-0.010165072194596725,-0.6677738990556238,0.2522228847177622
0.01,H3,r0,gate,919,-0.025779049975069412,-2.3248651323457192,0.010148223329479305
0.01,H4,gate_v2,gate,919,-0.012873873659811519,-1.5814896938533496,0.05705528357176832
0.01,S1,r2_mlp,r0,919,0.005921100957010594,0.6428664275053009,0.7397643467765849
0.01,S2,r2_linear,r0,919,0.007610564666328923,0.9161293596726783,0.8200801780242726
0.025,H1,r0,mean,919,-0.005661098663754416,-0.5252436622218233,0.29977032364601336
0.025,H2,r0,min_score,919,-0.0008789508847488747,-0.09318272022892482,0.46288936701140243
0.025,H3,r0,gate,919,-0.034800783849813666,-3.471182298010523,0.00027116157021296486
0.025,H4,gate_v2,gate,919,-0.028230673769068293,-3.1940163407679734,0.0007254498575806717
0.025,S1,r2_mlp,r0,919,-0.0036211598279405344,-0.8078467340593724,0.20969404813702516
0.025,S2,r2_linear,r0,919,-0.0015672870730401023,-0.39326803727357307,0.3471064175495652
0.05,H1,r0,mean,919,-0.006680537148346488,-0.8428518868903093,0.19976541424949135
0.05,H2,r0,min_score,919,0.0006590560059556161,0.1134360564309767,0.5451451713400786
0.05,H3,r0,gate,919,-0.019381726353503215,-2.552698476203704,0.005425011002286981
0.05,H4,gate_v2,gate,919,-0.016643414468381135,-2.6562207334028787,0.004019627589136164
0.05,S1,r2_mlp,r0,919,-0.002197200841326463,-0.7512318322444551,0.2263528391019008
0.05,S2,r2_linear,r0,919,-0.0019805708503319863,-0.9562764250737995,0.16959217666195697
