year,pair,lower,higher,n,diff,dm_stat,p_one_sided
2023,H1,r0,mean,245,-0.03455889795697775,-3.7484198454668616,0.00011111304396319159
2023,H2,r0,min_score,245,-0.020768017961465546,-2.7780905048296494,0.0029465070923636373
2023,H3,r0,gate,245,-0.025154731777107475,-3.2375321442730423,0.0006864698214814844
2023,H4,gate_v2,gate,245,0.0038764378026798774,0.487116644134289,0.6866935068616478
2023,S1,r2_mlp,r0,245,-0.0014112902056209187,-0.7627975707588409,0.22316047137636952
2023,S2,r2_linear,r0,245,0.00014739065208857483,0.09601513360190331,0.5382063177512151
2024,H1,r0,mean,245,0.0004215866982844041,0.022531745986484723,0.5089788981102565
2024,H2,r0,min_score,245,0.005229375549899107,0.28563249760828613,0.6122990304279701
2024,H3,r0,gate,245,-0.04930468849298553,-1.7650303157527234,0.03940479873869172
2024,H4,gate_v2,gate,245,-0.04620092219371985,-1.9080789319294011,0.028777384005004656
2024,S1,r2_mlp,r0,245,0.0004657182362191037,0.04266637434419778,0.5169988108994258
2024,S2,r2_linear,r0,245,0.002849211522025996,0.25181271298981417,0.5993011021452824
2025,H1,r0,mean,246,-0.022616077886940644,-2.3210195535040246,0.010553627452707355
2025,H2,r0,min_score,246,-0.012254215915036504,-1.4972757810175739,0.06780435080317383
2025,H3,r0,gate,246,-0.008250545982430246,-0.9590991459334365,0.1692271607656632
2025,H4,gate_v2,gate,246,-0.007231861942471607,-1.00485757304091,0.15797842061949496
2025,S1,r2_mlp,r0,246,-0.018164508320931638,-2.2144638154177128,0.013858891382748375
2025,S2,r2_linear,r0,246,-0.008762973666780915,-2.8912167680276584,0.002091077464720875
2026,H1,r0,mean,183,0.04767566528184153,1.2140096275141945,0.8868414913776079
2026,H2,r0,min_score,183,0.03286201444179282,0.9686871616640679,0.8330065885996231
2026,H3,r0,gate,183,-0.06398758513731106,-2.2495526930263954,0.012837682856904814
2026,H4,gate_v2,gate,183,-0.07538498623017054,-3.228762672748907,0.0007374983294600627
2026,S1,r2_mlp,r0,183,0.007498843156147572,0.5928798756246367,0.7230012423799961
2026,S2,r2_linear,r0,183,-0.00010280235384740877,-0.00850630489890692,0.4966111746295992
