asset,year,mean_log_g,gap_gate_minus_r0,gap_gatev2_minus_r0
hdfcbank,2023,-0.06912478987576683,0.1237786740615046,0.09653867486367003
hdfcbank,2024,-0.09928398528588298,0.25288406022775833,0.03491141051773941
hdfcbank,2025,-0.073301788823408,0.00799075412487992,0.01626586778313167
hdfcbank,2026,0.10218406166509278,-0.07935339276193963,-0.021941146321256277
kotakbank,2023,-0.06035610011980029,0.1046774138780273,0.10138789188304966
kotakbank,2024,-0.10260830705814093,0.15675184852890034,0.062125603055148075
kotakbank,2025,-0.0598327763295119,0.00035048610859955833,-0.002326542006450357
kotakbank,2026,0.011026652584230308,0.10110130191202563,-0.02463961836047355
axisbank,2023,-0.06109008973005157,-0.03018201427840315,-0.010122819976063582
axisbank,2024,-0.07694986095081977,0.11755218109406931,0.030138784559217174
axisbank,2025,-0.05736898566030436,0.043617546020304265,0.010027346521434808
axisbank,2026,-0.07752775573854918,0.1304435497255857,-0.018343259778425068
tcs,2023,-0.06833684578138594,-0.009588615333777513,0.02832044295977206
tcs,2024,-0.07375342803289374,-0.02721346317367677,0.006274756635922952
tcs,2025,-0.06111033830560024,-0.03882860587122818,-0.01092963647261418
tcs,2026,-0.13798357623484894,0.44538949596594185,0.18495794472332303
wipro,2023,-0.07581561079504597,0.045563600099278394,0.06196316709978882
wipro,2024,-0.08765940418315785,-0.0652641575028146,-0.05016552146980282
wipro,2025,-0.06033717108007924,0.007108362586914786,-0.002506476259261933
wipro,2026,-0.06494362378869821,0.12742496859940503,0.09426820138062642
hcltech,2023,-0.06030179755200179,-0.052088753762260714,-0.018418832672815508
hcltech,2024,-0.07298928659966815,0.01119168856766755,0.005848268206728949
hcltech,2025,-0.06144487344656891,0.010118977882350366,-0.03815223071621881
hcltech,2026,-0.11144087609947918,0.22563702029092672,0.05863165777752557
mm,2023,-0.051845119933205217,0.0847232219431491,0.07121301344559838
mm,2024,-0.07599330791066841,0.027625861132273208,0.006386689892765962
mm,2025,-0.05489853860969615,0.04719320519830005,0.025085145226422394
mm,2026,-0.02510893936979851,-0.09460960572277927,-0.14885048100545123
eichermot,2023,-0.0573098554212107,0.03839303555037483,0.06400524966078765
eichermot,2024,-0.07608700785241343,0.07485667680592904,0.010094256688003572
eichermot,2025,-0.05843772556823309,-0.0006965085388345778,0.014163466427740516
eichermot,2026,-0.14221791834256922,0.10561467230629722,-0.05273987248684276
heromotoco,2023,-0.05647733432730257,0.039496855948169665,0.03947597950273321
heromotoco,2024,-0.0691674343941985,0.045018877798729096,-0.010844062746773346
heromotoco,2025,-0.05351376703779686,-0.01782916291586288,-0.00869170658223397
heromotoco,2026,-0.08367196193680466,0.16398205355314016,0.041917716874819766
cipla,2023,-0.057446556997317814,-0.012033997131127957,-0.037900791866122364
cipla,2024,-0.08255399998303273,0.04927058901124008,0.008524860275111689
cipla,2025,-0.05726850546085817,0.017427703395781938,0.009285963715354839
cipla,2026,-0.046981096923125666,-0.01572307581692338,0.01960682263875128
lupin,2023,-0.04555427822213745,-0.03149688888939569,0.0004355514262063958
lupin,2024,-0.06905097889027163,0.014283951243552306,-0.004323922980136567
lupin,2025,-0.05265658051379717,0.030217894499568486,0.010295556376219145
lupin,2026,-0.1255896608070452,-0.030050043857570808,0.014415404566366873
auropharma,2023,-0.04548218448403862,-0.0406794421366247,-0.010058776855883867
auropharma,2024,-0.056572118337982105,0.022626830793152433,-0.000983195587318786
auropharma,2025,-0.05047227933029264,0.028591457069524984,0.02731303733717395
auropharma,2026,-0.1894522913655211,0.04184069154404742,0.005714576383954257
jswsteel,2023,-0.047816606361917084,0.004210818879194691,0.034552403731813
jswsteel,2024,-0.06850969766049075,-0.032146006679250334,-0.04882250469060146
jswsteel,2025,-0.05853212362870252,0.0015744109211558565,-0.007422310952148288
jswsteel,2026,-0.053883076391882674,-0.057002457522242936,-0.10849447809455177
vedl,2023,-0.046407031195857915,0.09795661368749958,0.08642214582841395
vedl,2024,-0.06399251533647689,-0.044108584728306706,-0.013557793731101076
vedl,2025,-0.05194106927410293,-0.029689189058137215,-0.002128744417579645
vedl,2026,-0.08360097658399035,0.13800746342748685,0.014323294658093169
sail,2023,-0.05037331786876991,0.03371629881150826,0.044548016332647884
sail,2024,-0.09458638171639476,0.035758646999307066,-0.0028294503824667066
sail,2025,-0.05093184272555931,0.024087719714831424,0.013900429510180666
sail,2026,-0.06257639935293245,-0.031188079303337467,-0.01197749775075509
britannia,2023,-0.06596489136181365,0.0142876954236005,0.04791368627924534
britannia,2024,-0.08668423011364489,0.08746878612499555,0.016274425993458626
britannia,2025,-0.0582104353020687,0.03623257117875592,0.007328091570571299
britannia,2026,-0.14915084030224063,0.2711057181318197,0.03352128521703412
dabur,2023,-0.06895346163749431,0.09648464543371074,0.0778484661059833
dabur,2024,-0.08946537774937903,0.16852248207091491,0.03985887786974259
dabur,2025,-0.05550816030382338,0.11146705044969281,0.028681543370530315
dabur,2026,0.022848182321312308,0.01828182535179464,-0.010473546917620823
marico,2023,-0.07359464394185354,0.03339604729561482,0.02259971961061675
marico,2024,-0.07643427831612935,0.04403189727853346,0.009019747528564147
marico,2025,-0.05937324484775033,0.01956498246153434,0.006805277248431053
marico,2026,-0.040519218395653825,-0.1550770770431401,-0.03589138235818108
ntpc,2023,-0.05752893920180152,-0.008530807808300294,0.029166290775356436
ntpc,2024,-0.08249654331528485,0.0714068726584148,0.011451464635788134
ntpc,2025,-0.060986214595996395,-0.0002157630024383014,-0.00529669161154669
ntpc,2026,-0.029937550787700624,0.012874241503871793,0.009709762239863987
powergrid,2023,-0.057263399077054244,-0.03147903077895635,-0.03432868011205532
powergrid,2024,-0.08863901871292289,0.013669019635190018,-0.03670103644293678
powergrid,2025,-0.05739437810060536,-0.0037760092452216397,-0.019366234495414893
powergrid,2026,0.058602161048973,-0.0038713348779066572,0.0007136232584606722
bpcl,2023,-0.05269375847657644,-0.05298046512248188,-0.03765480434683641
bpcl,2024,-0.07370264083642696,0.06973965314406756,-0.005885615151082915
bpcl,2025,-0.0509513504497217,-0.034717533249792425,-0.012121714074279016
bpcl,2026,-0.09857612198108369,0.22990907770646257,-0.025899656211723125
ultracemco,2023,-0.06111381671699534,-0.009714873800660379,0.033365660698361645
ultracemco,2024,-0.07018929590174754,0.028119368432612833,0.0022657931854850365
ultracemco,2025,-0.06153838317317745,-0.003915313697268307,0.002591993900894892
ultracemco,2026,-0.13353290426947434,0.016043401619265266,-0.17677579594708043
grasim,2023,-0.06113927216564575,0.03064479092094376,0.050287370079680205
grasim,2024,-0.07373316323792863,0.008334878737305042,-0.019215729603965916
grasim,2025,-0.05853887698917091,-0.0031418378419770334,-0.0007714962749514394
grasim,2026,-0.07054187296654417,-0.0891359502569502,-0.08671854459138852
ambujacem,2023,-0.0876960202081957,0.048644360824461566,-0.04881205566285005
ambujacem,2024,-0.06894353889818186,0.09957717004518155,0.020024850688759397
ambujacem,2025,-0.05513352150843876,-0.033962765673937086,-0.01758468271232881
ambujacem,2026,0.0939625465363069,-0.06484527519279845,-0.10546838645085128
asianpaint,2023,-0.07084431377642181,0.07335412063991147,0.01945836079675117
asianpaint,2024,-0.08089661919496123,0.04668733254158902,0.0071972112532934455
asianpaint,2025,-0.06086034824440951,0.01317774336229398,-0.014721753968409869
asianpaint,2026,-0.028181904260375458,0.062412757968233576,0.09084912828184916
upl,2023,-0.05773190199056316,0.0786188096944446,0.0696252181978762
upl,2024,-0.07700323327488588,0.01997885714282495,-0.0001869946649748987
upl,2025,-0.05073344968229146,-0.032275603184828666,-0.010656604703026379
upl,2026,-0.06142070096763896,0.09515062658963568,0.02842279909002824
pidilitind,2023,-0.0676624887182351,0.010005643932516316,0.0020110308685498293
pidilitind,2024,-0.0737257599646463,0.03460127138045024,0.006920516545602445
pidilitind,2025,-0.062146149627667235,0.015533299235744794,0.0058031501400769
pidilitind,2026,-0.08077641589556656,0.15569370674338376,-0.06906921741065887
