sector,pair,wins,assets
banks,H1,3,3
banks,H2,2,3
banks,H3,3,3
banks,H4,3,3
banks,S1,0,3
banks,S2,0,3
it,H1,2,3
it,H2,3,3
it,H3,3,3
it,H4,3,3
it,S1,0,3
it,S2,2,3
auto,H1,2,3
auto,H2,1,3
auto,H3,3,3
auto,H4,3,3
auto,S1,2,3
auto,S2,2,3
pharma,H1,3,3
pharma,H2,3,3
pharma,H3,2,3
pharma,H4,2,3
pharma,S1,3,3
pharma,S2,0,3
metals,H1,2,3
metals,H2,1,3
metals,H3,2,3
metals,H4,3,3
metals,S1,3,3
metals,S2,2,3
fmcg,H1,3,3
fmcg,H2,3,3
fmcg,H3,2,3
fmcg,H4,2,3
fmcg,S1,1,3
fmcg,S2,1,3
power_oil_psu,H1,1,3
power_oil_psu,H2,1,3
power_oil_psu,H3,2,3
power_oil_psu,H4,3,3
power_oil_psu,S1,2,3
power_oil_psu,S2,1,3
cement,H1,0,3
cement,H2,0,3
cement,H3,2,3
cement,H4,3,3
cement,S1,3,3
cement,S2,2,3
paints_chem,H1,2,3
paints_chem,H2,2,3
paints_chem,H3,3,3
paints_chem,H4,3,3
paints_chem,S1,3,3
paints_chem,S2,3,3
