asset,date,action,note
hdfcbank,2020-03-18,keep,COVID-19 crash period; market-wide
hdfcbank,2020-03-23,keep,COVID-19 crash period; market-wide
hdfcbank,2020-03-25,keep,COVID-19 crash period; market-wide
kotakbank,2020-03-18,keep,COVID-19 crash period; market-wide
kotakbank,2020-03-23,keep,COVID-19 crash period; market-wide
kotakbank,2020-03-25,keep,COVID-19 crash period; market-wide
kotakbank,2020-10-27,keep,no unadjusted split/bonus/demerger on date; adjusted and raw returns consistent; kept per pre-registered rule
kotakbank,2024-04-25,keep,no unadjusted split/bonus/demerger on date; adjusted and raw returns consistent; kept per pre-registered rule
axisbank,2015-03-02,keep,no unadjusted split/bonus/demerger on date; adjusted and raw returns consistent; kept per pre-registered rule
axisbank,2020-03-12,keep,COVID-19 crash period; market-wide
axisbank,2020-03-16,keep,COVID-19 crash period; market-wide
axisbank,2020-03-19,keep,COVID-19 crash period; market-wide
axisbank,2020-03-23,keep,COVID-19 crash period; market-wide
axisbank,2020-04-07,keep,COVID-19 crash period; market-wide
axisbank,2020-04-17,keep,COVID-19 crash period; market-wide
axisbank,2020-05-27,keep,COVID-19 crash period; market-wide
wipro,2020-07-15,keep,COVID-19 crash period; market-wide
hcltech,2015-10-01,keep,no unadjusted split/bonus/demerger on date; adjusted and raw returns consistent; kept per pre-registered rule
hcltech,2020-04-07,keep,COVID-19 crash period; market-wide
hcltech,2020-04-30,keep,COVID-19 crash period; market-wide
hcltech,2026-04-22,keep,no unadjusted split/bonus/demerger on date; adjusted and raw returns consistent; kept per pre-registered rule
mm,2020-04-07,keep,COVID-19 crash period; market-wide
mm,2020-04-09,keep,COVID-19 crash period; market-wide
mm,2020-11-18,keep,no unadjusted split/bonus/demerger on date; adjusted and raw returns consistent; kept per pre-registered rule
eichermot,2019-09-20,keep,no unadjusted split/bonus/demerger on date; adjusted and raw returns consistent; kept per pre-registered rule
eichermot,2020-03-23,keep,COVID-19 crash period; market-wide
heromotoco,2019-09-20,keep,no unadjusted split/bonus/demerger on date; adjusted and raw returns consistent; kept per pre-registered rule
heromotoco,2020-03-23,keep,COVID-19 crash period; market-wide
heromotoco,2020-04-07,keep,COVID-19 crash period; market-wide
cipla,2020-04-09,keep,COVID-19 crash period; market-wide
lupin,2017-11-07,keep,no unadjusted split/bonus/demerger on date; adjusted and raw returns consistent; kept per pre-registered rule
lupin,2020-04-03,keep,COVID-19 crash period; market-wide
lupin,2020-04-09,keep,COVID-19 crash period; market-wide
lupin,2021-05-05,keep,no unadjusted split/bonus/demerger on date; adjusted and raw returns consistent; kept per pre-registered rule
auropharma,2015-08-24,keep,no unadjusted split/bonus/demerger on date; adjusted and raw returns consistent; kept per pre-registered rule
auropharma,2017-05-30,keep,no unadjusted split/bonus/demerger on date; adjusted and raw returns consistent; kept per pre-registered rule
auropharma,2019-10-07,keep,no unadjusted split/bonus/demerger on date; adjusted and raw returns consistent; kept per pre-registered rule
auropharma,2020-02-19,keep,COVID-19 crash period; market-wide
auropharma,2020-02-24,keep,COVID-19 crash period; market-wide
auropharma,2020-03-12,keep,COVID-19 crash period; market-wide
auropharma,2020-03-13,keep,COVID-19 crash period; market-wide
auropharma,2020-03-18,keep,COVID-19 crash period; market-wide
auropharma,2020-03-23,keep,COVID-19 crash period; market-wide
auropharma,2020-03-24,keep,COVID-19 crash period; market-wide
auropharma,2020-04-07,keep,COVID-19 crash period; market-wide
auropharma,2020-04-21,keep,COVID-19 crash period; market-wide
auropharma,2022-11-10,keep,no unadjusted split/bonus/demerger on date; adjusted and raw returns consistent; kept per pre-registered rule
jswsteel,2020-03-16,keep,COVID-19 crash period; market-wide
jswsteel,2020-03-23,keep,COVID-19 crash period; market-wide
jswsteel,2020-04-07,keep,COVID-19 crash period; market-wide
jswsteel,2022-05-23,keep,no unadjusted split/bonus/demerger on date; adjusted and raw returns consistent; kept per pre-registered rule
vedl,2015-08-24,keep,no unadjusted split/bonus/demerger on date; adjusted and raw returns consistent; kept per pre-registered rule
vedl,2015-10-09,keep,no unadjusted split/bonus/demerger on date; adjusted and raw returns consistent; kept per pre-registered rule
vedl,2016-02-15,keep,no unadjusted split/bonus/demerger on date; adjusted and raw returns consistent; kept per pre-registered rule
vedl,2018-10-08,keep,no unadjusted split/bonus/demerger on date; adjusted and raw returns consistent; kept per pre-registered rule
vedl,2019-02-01,keep,no unadjusted split/bonus/demerger on date; adjusted and raw returns consistent; kept per pre-registered rule
vedl,2020-02-28,keep,COVID-19 crash period; market-wide
vedl,2020-03-09,keep,COVID-19 crash period; market-wide
vedl,2020-03-12,keep,COVID-19 crash period; market-wide
vedl,2020-03-16,keep,COVID-19 crash period; market-wide
vedl,2020-03-23,keep,COVID-19 crash period; market-wide
vedl,2020-04-30,keep,COVID-19 crash period; market-wide
vedl,2020-05-04,keep,COVID-19 crash period; market-wide
vedl,2020-05-12,keep,COVID-19 crash period; market-wide
vedl,2020-10-07,keep,no unadjusted split/bonus/demerger on date; adjusted and raw returns consistent; kept per pre-registered rule
vedl,2020-10-12,keep,no unadjusted split/bonus/demerger on date; adjusted and raw returns consistent; kept per pre-registered rule
vedl,2021-08-17,keep,no unadjusted split/bonus/demerger on date; adjusted and raw returns consistent; kept per pre-registered rule
vedl,2021-10-18,keep,no unadjusted split/bonus/demerger on date; adjusted and raw returns consistent; kept per pre-registered rule
vedl,2022-05-17,keep,no unadjusted split/bonus/demerger on date; adjusted and raw returns consistent; kept per pre-registered rule
vedl,2022-06-20,keep,no unadjusted split/bonus/demerger on date; adjusted and raw returns consistent; kept per pre-registered rule
vedl,2024-05-21,keep,no unadjusted split/bonus/demerger on date; adjusted and raw returns consistent; kept per pre-registered rule
vedl,2026-01-30,keep,no unadjusted split/bonus/demerger on date; adjusted and raw returns consistent; kept per pre-registered rule
vedl,2026-04-30,drop,"unadjusted demerger: Vedanta demerger ex-date 2026-04-30 (record date 2026-05-01); raw open 289.50 vs prior close 773.60, Yahoo adj_close not adjusted"
sail,2015-08-24,keep,no unadjusted split/bonus/demerger on date; adjusted and raw returns consistent; kept per pre-registered rule
sail,2017-10-26,keep,no unadjusted split/bonus/demerger on date; adjusted and raw returns consistent; kept per pre-registered rule
sail,2020-03-09,keep,COVID-19 crash period; market-wide
sail,2020-03-12,keep,COVID-19 crash period; market-wide
sail,2020-03-13,keep,COVID-19 crash period; market-wide
sail,2020-03-23,keep,COVID-19 crash period; market-wide
sail,2020-03-31,keep,COVID-19 crash period; market-wide
sail,2020-04-07,keep,COVID-19 crash period; market-wide
sail,2021-01-14,keep,no unadjusted split/bonus/demerger on date; adjusted and raw returns consistent; kept per pre-registered rule
sail,2021-01-22,keep,no unadjusted split/bonus/demerger on date; adjusted and raw returns consistent; kept per pre-registered rule
sail,2021-04-12,keep,no unadjusted split/bonus/demerger on date; adjusted and raw returns consistent; kept per pre-registered rule
sail,2022-02-24,keep,no unadjusted split/bonus/demerger on date; adjusted and raw returns consistent; kept per pre-registered rule
sail,2022-05-23,keep,no unadjusted split/bonus/demerger on date; adjusted and raw returns consistent; kept per pre-registered rule
sail,2024-06-04,keep,no unadjusted split/bonus/demerger on date; adjusted and raw returns consistent; kept per pre-registered rule
sail,2026-05-13,keep,no unadjusted split/bonus/demerger on date; adjusted and raw returns consistent; kept per pre-registered rule
britannia,2020-03-23,keep,COVID-19 crash period; market-wide
britannia,2020-03-24,keep,COVID-19 crash period; market-wide
britannia,2020-04-07,keep,COVID-19 crash period; market-wide
dabur,2020-03-23,keep,COVID-19 crash period; market-wide
dabur,2020-04-07,keep,COVID-19 crash period; market-wide
ntpc,2024-06-04,keep,no unadjusted split/bonus/demerger on date; adjusted and raw returns consistent; kept per pre-registered rule
powergrid,2020-03-18,keep,COVID-19 crash period; market-wide
powergrid,2024-06-04,keep,no unadjusted split/bonus/demerger on date; adjusted and raw returns consistent; kept per pre-registered rule
bpcl,2018-10-04,keep,no unadjusted split/bonus/demerger on date; adjusted and raw returns consistent; kept per pre-registered rule
bpcl,2018-10-05,keep,no unadjusted split/bonus/demerger on date; adjusted and raw returns consistent; kept per pre-registered rule
bpcl,2019-09-23,keep,no unadjusted split/bonus/demerger on date; adjusted and raw returns consistent; kept per pre-registered rule
bpcl,2020-03-12,keep,COVID-19 crash period; market-wide
bpcl,2020-03-19,keep,COVID-19 crash period; market-wide
bpcl,2020-03-23,keep,COVID-19 crash period; market-wide
bpcl,2020-03-31,keep,COVID-19 crash period; market-wide
bpcl,2020-04-07,keep,COVID-19 crash period; market-wide
bpcl,2020-07-17,keep,COVID-19 crash period; market-wide
bpcl,2024-06-04,keep,no unadjusted split/bonus/demerger on date; adjusted and raw returns consistent; kept per pre-registered rule
ultracemco,2020-03-20,keep,COVID-19 crash period; market-wide
ultracemco,2020-03-23,keep,COVID-19 crash period; market-wide
grasim,2020-03-12,keep,COVID-19 crash period; market-wide
grasim,2020-03-23,keep,COVID-19 crash period; market-wide
grasim,2020-03-25,keep,COVID-19 crash period; market-wide
grasim,2020-04-07,keep,COVID-19 crash period; market-wide
ambujacem,2019-09-20,keep,no unadjusted split/bonus/demerger on date; adjusted and raw returns consistent; kept per pre-registered rule
ambujacem,2023-01-27,keep,no unadjusted split/bonus/demerger on date; adjusted and raw returns consistent; kept per pre-registered rule
ambujacem,2023-02-01,keep,no unadjusted split/bonus/demerger on date; adjusted and raw returns consistent; kept per pre-registered rule
ambujacem,2024-06-04,keep,no unadjusted split/bonus/demerger on date; adjusted and raw returns consistent; kept per pre-registered rule
ambujacem,2024-11-21,keep,no unadjusted split/bonus/demerger on date; adjusted and raw returns consistent; kept per pre-registered rule
asianpaint,2020-03-23,keep,COVID-19 crash period; market-wide
upl,2016-05-02,keep,no unadjusted split/bonus/demerger on date; adjusted and raw returns consistent; kept per pre-registered rule
upl,2018-07-23,keep,no unadjusted split/bonus/demerger on date; adjusted and raw returns consistent; kept per pre-registered rule
upl,2020-03-12,keep,COVID-19 crash period; market-wide
upl,2020-03-23,keep,COVID-19 crash period; market-wide
upl,2020-03-25,keep,COVID-19 crash period; market-wide
upl,2020-04-30,keep,COVID-19 crash period; market-wide
upl,2020-05-19,keep,COVID-19 crash period; market-wide
upl,2020-12-10,keep,no unadjusted split/bonus/demerger on date; adjusted and raw returns consistent; kept per pre-registered rule
upl,2024-02-05,keep,no unadjusted split/bonus/demerger on date; adjusted and raw returns consistent; kept per pre-registered rule
upl,2026-02-23,keep,market reaction to group restructuring announcement (no ex-date that day); adjusted and raw returns agree
pidilitind,2020-03-23,keep,COVID-19 crash period; market-wide
